post_content,post_url,post_timestamp
"Dear International Students,
No Summer Internship? No problem.

Iâ€™m gonna tell you 7 different ways to build a solid profile this summer and spend this time productively.

Day 5 â€“ Hackathon Hustle

-- Find a fit
 Browse Devpost (https://devpost.com) or MLH (https://mlh.io) for this weekendâ€™s events. Pick one aligned with your interests (AI, fintech, sustainability, etc.).

-- Assemble a micro-team
Hop into the Linkedin or your school community and snag 2â€“3 teammates. Or maybe use this comment section ğŸ‘‡ Introduce yourself! You might find like minded folks.
Quick tip: advertise a 24-hour MVP goal to attract action-takers.

-- Scope a snack-size project
Aim for a single, eye-catching feature: a data visualization, a chatbot, or an automation script. Keep it under 48 hours.

-- Ship & share
Push your code to GitHub, capture a 15-second demo video, and drop it in the hackathon feed. Tag your teammates and add a one-sentence summary.

-- Leverage the connections
Message fellow hackers on LinkedIn. Congratulate them on their demos, suggest next steps, or propose a follow-up collab.

PS: The easiest way to spend your summer productively? Build your own product. Join the summer cohort here: https://myrealproduct.com

ğŸ” Like or reshare this post so it reaches someone who needs it most.","https://www.linkedin.com/feed/update/urn:li:activity:7322605981840928769","3d"
"I received 4 Research Assistant offers during my time at Columbia.
It was one of the highest-paying roles on campus.
I followed one simple method.
-----------
No Summer Internship? No problem.
Iâ€™m going to share 7 ways to build a solid profile this summer and spend your time productively.

Day 4 of 7 - Do research work with professors

-- Pick the right professor
Find a recent paper or project that genuinely excites you.

-- Package your proof
 ğŸ”— Day 2 Learning Log: https://shorturl.at/ZeUnl
 ğŸ”— Day 1 Open-Source PR: https://shorturl.at/zN9eZ
ğŸ“¸ Screenshots + 1-sentence captions:
â¡ï¸ Screenshot of my PR â†’ â€œFixed a typo in the documentation and added a quick-start snippet to the Streamlit library.â€
â¡ï¸ Screenshot of my learning log â†’ â€œDaily 
hashtag
#LearningLog recap: what shipped, what broke, and whatâ€™s next.â€

-- Send this email template:

Subject: Quick assist on your {topic} research
Hi Professor {Name},
Iâ€™ve been diving into your work on {specific paper/topic}, and Iâ€™ve packaged two small demos you might find useful (links + screenshots below). If it saves you time, Iâ€™d love to volunteer more of my time on this.
Cheers,
 {Your Name}

-- Follow up (politely)
Wait 5â€“7 business days, academia moves at its own pace.

PS: The easiest way to spend your summer productively? Build your own product. Join the summer cohort here: https://myrealproduct.com

ğŸ” Like or reshare this post so it reaches someone who needs it most.","https://www.linkedin.com/feed/update/urn:li:activity:7322242148521689088","4d"
"AI world was buzzing this week! Here's your quick catch-up:

ğŸ”µ ğğ©ğğ§ğ€ğˆ ğ‘ğğ¬ğğšğ«ğœğ¡ğğ« ğƒğğ§ğ¢ğğ ğ†ğ«ğğğ§ ğ‚ğšğ«ğ
-- Kai Chen, one of the brains behind GPT-4.5, got her U.S. green card denied after 12 years.
-- Sheâ€™s now working remotely from Vancouver.
-- Big concern: U.S. immigration hurdles might be pushing top AI talent away.

ğŸŸ¢ ğğ©ğğ§ğ€ğˆ'ğ¬ ğƒğğğ© ğ‘ğğ¬ğğšğ«ğœğ¡ ğŒğ¨ğğ ğğ¨ğ° ğ…ğ«ğğ
-- Free ChatGPT users now get 5 Deep Research tasks a month!
-- Itâ€™s a lighter version, but still super powerful for deep-dive questions.
-- Paid users still get more perks, but free users finally get a taste!

ğŸ”´ ğğŒğ– + ğƒğğğ©ğ’ğğğ¤ ğ€ğˆ = ğ’ğ¦ğšğ«ğ­ğğ« ğ‚ğšğ«ğ¬ ğ¢ğ§ ğ‚ğ¡ğ¢ğ§ğš
-- BMW is partnering with Chinese startup DeepSeek to power smarter voice controls.
-- New AI features roll out later this year, only in China (for now).
-- Itâ€™s all part of BMWâ€™s big strategy to stay competitive in the Chinese market.

Like these quick updates?
Subscribe to my newsletter where I break down AI news in simple, snackable bites! (Link in comments ğŸ”—)

Follow me Hari Prasad for more AI updates :)","https://www.linkedin.com/feed/update/urn:li:activity:7321879502857408513","5d"
"Dear International Students,
No Summer Internship? No problem.

Iâ€™m gonna tell you 7 different ways to build a solid profile this summer and spend this time productively.

Day 3 (of 7) â€“ Text startup founders & offer free help

ğ’ğ­ğğ© 1: 
-- Pick a startup you actually like
Scan Product Hunt or your LinkedIn feed. If their landing page makes you nod, theyâ€™re a fit.

ğ’ğ­ğğ© 2: 
-- Find a quick win
Broken signup flow? Missing dashboard metric? Write 10 lines of code or sketch a redesign in Figma. Screenshot it.

ğ’ğ­ğğ© 3: 
-- Send this DM
Hey {Name}! I noticed {pain-point}.
 I mocked up a {solution: attach screenshot/GitHub link}.
 Totally free, use it if it helps. Happy to tackle more fixes if youâ€™re swamped.
 {Your Name}

ğ’ğ­ğğ© 4: 
-- Follow up once, politely
Busy founders appreciate reminders, not spam.

ğ–ğ¡ğ² ğ¢ğ­ ğ°ğ¨ğ«ğ¤ğ¬:
-- Shows initiative, not just interest.
-- Lowers risk for them (free value).
-- Turns â€œcold outreachâ€ into â€œwarm convo.â€

If you need help finding these founders/startups, I know few founders and can try reaching out to them for you. 
Comment down with 3 things you are good at ğŸ‘‡. I can try if I can find a good fit for you.

PS: The easiest method to spend your summer productively? Build your own product. Join Summer cohort here - https://myrealproduct.com

ğŸ” Like or Reshare this post (so it'll reach someone who needs this the most)","https://www.linkedin.com/feed/update/urn:li:activity:7321173220328435713","1w"
"Dear International Students,
No Summer Internship? No problem.

Iâ€™m gonna tell you 7 different ways to build a solid profile this summer and spend this time productively.

DayÂ 2Â (out ofÂ 7): Start a Public Learning Log

ğ–ğ¡ğšğ­â€™ğ¬ ğš ğ‹ğğšğ«ğ§ğ¢ğ§ğ  ğ‹ğ¨ğ ?

Think of it as your dev diary meets highlight reel.

One Linkedin post, every day you build, covering:
-- What I shipped: the tiny win (screenshot or it didnâ€™t happen).
-- What broke: the bug or face-palm moment (humility credits).
-- Whatâ€™s next: the bite-sized goal youâ€™ll tackle tomorrow.

Thatâ€™s it. Three bullets. Done before your coffee gets cold.

ğ–ğ¡ğ² ğ¢ğ­ ğ°ğ¨ğ«ğ¤ğ¬
-- Proof of progress âœ Recruiters and peers track your learning velocity in real time.
-- Built-in accountability âœ The internet becomes your gym buddy.
-- Networking cheat code âœ Folks who solve your â€œWhat brokeâ€ section often become mentors.

ğ‘ğğšğğ² ğ­ğ¨ ğ¬ğ­ğšğ«ğ­?
Open a blank LinkedIn post, drop those three bullets, tag it 
hashtag
#LearningLog, and hit â€œPost.â€

Learning in silence is out; building in public is in.

Do this for the entire summer & see the results.

Comment your email-id ğŸ‘‡ I'll send the next 5 methods everyday, directly to your inbox.

PS: The easiest method to spend your summer productively? Build your own product. Join Summer cohort here - https://myrealproduct.com

ğŸ” Like or Reshare this post (so it'll reach someone who needs this the most)","https://www.linkedin.com/feed/update/urn:li:activity:7320795995271806978","1w"
"Dear International Students,
No Summer Internship? No problem.

Iâ€™m gonna tell you 7 ğğ¢ğŸğŸğğ«ğğ§ğ­ ğ°ğšğ²ğ¬ to build a solid profile this summer and spend this time productively.

ğƒğšğ²Â 1Â (ğ¨ğ®ğ­ ğ¨ğŸÂ 7): ğ‚ğ¨ğ§ğ­ğ«ğ¢ğ›ğ®ğ­ğ ğ­ğ¨ ğğ©ğğ§-ğ’ğ¨ğ®ğ«ğœğ

Recruiters donâ€™t get wowâ€‘ed by â€œI followed a tutorial.â€
They perk up when you say, â€œI fixed a bug that 300 people hit every day.â€

ğ“ğ¡ğ 4â€‘ğ¬ğ­ğğ© ğ©ğ¥ğšğ²ğ›ğ¨ğ¨ğ¤ (ğœğ¨ğ©ğ²/ğ©ğšğ¬ğ­ğ ğ¢ğ­ ğ­ğ¨ğğšğ²)

1ï¸âƒ£ ğ…ğ¢ğ§ğ ğš ğŸğ«ğ¢ğğ§ğğ¥ğ² ğ«ğğ©ğ¨
-- Hit GitHub â†’ search your favorite tech + â€œgood first issue.â€
-- Tiny utility? Underdog library? Perfect. Less competition = faster merge.

2ï¸âƒ£ ğ’ğ¨ğ¥ğ¯ğ ğ¨ğ§ğ ğ©ğšğ©ğğ«â€‘ğœğ®ğ­ ğ©ğ«ğ¨ğ›ğ¥ğğ¦
-- Broken link in docs? Offâ€‘byâ€‘one error?
-- Keep it snackâ€‘sizeâ€”you want a win, not a saga.

3ï¸âƒ£ ğ…ğ¨ğ«ğ¤ â†’ ğŸğ¢ğ± â†’ ğ¨ğ©ğğ§ ğš ğğ®ğ¥ğ¥ ğ‘ğğªğ®ğğ¬ğ­
-- Write a clear commit message: â€œdocs: fix README typo & add quickâ€‘start snippet.â€
-- Be polite, answer maintainers quickly, iterate.

4ï¸âƒ£ ğ’ğ¡ğ¨ğ° ğ²ğ¨ğ®ğ« ğ«ğğœğğ¢ğ©ğ­ğ¬
-- Screenshot the merged PR.
-- Post a short recap: what you fixed, what you learned, why it matters.

ğ–ğ¡ğ² ğ­ğ¡ğ¢ğ¬ ğ°ğ¨ğ«ğ¤ğ¬
-- Realâ€‘world impact: 
Your code is now part of someone elseâ€™s daily workflow.
-- Instant portfolio piece: 
Link + green GitHub square = proof you can deliver.
-- Builtâ€‘in network: 
Maintainers often know hiring managers, lightweight referral factory.

ğğ«ğ¨ ğ­ğ¢ğ©
Tag the project maintainer in your LinkedIn post. You boost their project; they boost your reach. Everybody wins.

Comment your email-id ğŸ‘‡ I'll send the next 6 methods everyday, directly to your inbox.

PS: The easiest method to spend your summer productively? Build your own product. Join Summer cohort here - https://myrealproduct.com

ğŸ” Like or Reshare this post (so it'll reach someone who needs this the most)","https://www.linkedin.com/feed/update/urn:li:activity:7320529440621367296","1w"
"AI is moving FAST & hereâ€™s what happened this week (in plain English):

ğŸ” Netflix ğ± OpenAI = ğŒğ¨ğ¨ğ ğŒğšğ­ğœğ¡ğ¦ğšğ¤ğğ«
- Netflix is testing an AI search engine powered by OpenAI
- Just type how you feel (e.g. â€œcheer me upâ€) and it finds the right show
- No more scrolling for hours â€“ the algorithm gets your vibe
- Currently testing in Australia/NZ; U.S. rollout coming soon

ğŸ’¸ OpenAI ğ¦ğ¢ğ ğ¡ğ­ ğ›ğ®ğ² Windsurf
- A $3B deal is in the works. OpenAIâ€™s biggest yet
- Windsurf helps devs write code faster using AI
- This move could supercharge OpenAIâ€™s tools like Codex CLI
- Not finalized yet, but Windsurf users already getting â€œchange is comingâ€ emails 

ğŸ›’ ğ’ğšğ¦â€™ğ¬ ğ‚ğ¥ğ®ğ› ğ¬ğšğ²ğ¬ ğ ğ¨ğ¨ğğ›ğ²ğ ğ­ğ¨ ğœğ¡ğğœğ¤ğ¨ğ®ğ­ ğ¥ğšğ§ğğ¬
- All 600 stores are going fully AI-powered
- Scan items with their app, pay on your phone, walk out
- AI cameras verify your cart, no receipt checkers needed
- Already in 120+ stores, full rollout soon

ğŸ‘‰ If you liked this roundup, I break down Data & AI updates like this every week.
Subscribe to my newsletter :) no jargon, just useful stuff - https://lnkd.in/eaHMQS6R","https://www.linkedin.com/feed/update/urn:li:activity:7319737834926460928","1w"
"Letâ€™s talk about writing SQL queries that donâ€™t just get the job done, but run smoothly and efficiently. 

Here are a few quick tips to improve your queries:

1ï¸âƒ£ ğ—¨ğ˜€ğ—² ğ—–ğ—§ğ—˜ğ˜€ & ğ—ğ—²ğ—²ğ—½ ğ—¶ğ˜ ğ—°ğ—¹ğ—²ğ—®ğ—¿
Skip the complicated nested subqueries. Try using Common Table Expressions (CTEs) insteadâ€”they make your code cleaner and easier to follow.

2ï¸âƒ£ ğ—¨ğ˜€ğ—² ğ—½ğ—¿ğ—¼ğ—½ğ—²ğ—¿ ğ—±ğ—®ğ˜ğ—® ğ˜ğ˜†ğ—½ğ—²ğ˜€
Make sure youâ€™re using the right data types for your columns. For example, if youâ€™re storing numbers, donâ€™t use a text field. This simple step can improve performance and save space.

3ï¸âƒ£ ğ—¦ğ—²ğ—¹ğ—²ğ—°ğ˜ ğ—¼ğ—»ğ—¹ğ˜† ğ˜„ğ—µğ—®ğ˜ ğ˜†ğ—¼ğ˜‚ ğ—»ğ—²ğ—²ğ—±
Avoid ""SELECT *"" and grab only the columns you actually need. It keeps things faster and easier to maintain.

4ï¸âƒ£ ğ…ğ¢ğ¥ğ­ğğ« ğğšğ«ğ¥ğ²
Use your WHERE clause to narrow down data early in the query. The smaller the dataset, the faster the result.

5ï¸âƒ£ ğ’ğ¦ğšğ«ğ­ ğ£ğ¨ğ¢ğ§ğ¬
Joins can get heavy, so always consider the size of the tables. Joining smaller datasets first can help keep things running quickly.

Thatâ€™s it! Efficient SQL takes practice, but these tips should help you optimize your queries. 

Whatâ€™s your go-to trick for speeding things up? ğŸ‘‡

Follow me Hari Prasad Renganathan for more Data & Career Tips! 

ğŸ” Reshare this if you find this useful","https://www.linkedin.com/feed/update/urn:li:activity:7318269929634357249","2w"
"I didnâ€™t have any experience
I didnâ€™t have FAANG referrals.
And I wasnâ€™t a 10x Leetcode warrior.

But I still landed interviews (or offers!) from:
JPMorganChase
Roblox
Snap Inc.
Barclays
Take-Two Interactive

How? ğ’ğğ‹.

In every single one of these interviews,
I was asked SQL questions.

In some, that was the interview.

SQL was my cheat code.
It didnâ€™t care about my GPA, background, or resume template.

If you're preparing for data roles:
âœ… Learn SQL deeply
âœ… Practice questions from real products (not just made-up toy datasets)
âœ… Donâ€™t just memorize syntax â€” understand the why behind every query

SQL is the most underrated job-changing skill in the data world.

I learned it the hard way.
You donâ€™t have to.

If you're stuck in the SQL round, you're not alone.
It gets easier. Keep grinding.
â€”â€”â€”â€”â€”
PS: If this resonates with your journey, drop a like or repost so it reaches someone who needs it today â¤ï¸","https://www.linkedin.com/feed/update/urn:li:activity:7317909850980577280","2w"
"8 Tips to go VIRAL on LinkedIn:

8ï¸âƒ£ Take an old picture from 2021 and attach it to the post even though it's irrelevant.

7ï¸âƒ£ Copy-paste someone else's success story, but change the names. Pro tip: Add ""True Story"" at the end to make it 100% believable!

6ï¸âƒ£ Always end the post with ""Agree?""

5ï¸âƒ£ Write ""Thoughts?"" at the end of every post, even if you haven't actually shared any thoughts yourself

4ï¸âƒ£ Take your previous viral post and keep reposting it (milk it until you can). Yes, this post is a repost as well.

3ï¸âƒ£ Always follow the pattern of 3 things, 5 lessons, 8 tips...

2ï¸âƒ£ Write your entire post
.
Like
.
This
.
Because apparently
.
LinkedIn's algorithm loves unnecessary spacing.

Finally,

Comment ""TIP"", and I'll share the No. 1 tip to go viral on Linkedin

Do you agree with my tips?","https://www.linkedin.com/feed/update/urn:li:activity:7317734780500934657","2w"
"Exciting Announcement: The waitlist is officially OPEN! 

ğ‚ğ«ğğšğ­ğ¨ğ«ğ¬ ğ­ğ¡ğ¢ğ§ğ¤:
- What if I could talk to my audience 24/7?
- What if I could provide value beyond just my content?
- What if I could engage with them anytime they wanted?
- What if I could brainstorm content ideas with my audience?

ğ‹ğ¢ğ§ğ¤ğğğˆğ§-ğğ«ğ¬ ğ­ğ¡ğ¢ğ§ğ¤:
- What if I could chat with my favorite creator?
- What if I could ask all my questions and get instant answers?

Well, now you can.

Say hey to HeyClono! ğŸ‘‹

As a creator, you can build a custom chatbot based on your past LinkedIn posts. Your audience can talk to your clone 24/7.

I'm building HeyClono with Sunjana, and weâ€™ve just opened up the waitlist!

Join waitlist here - https://heyclono.com

 ğŸ The top 50 people get 6 months free after launch. Bring your creator friends to move up the leaderboard.

LAUNCHING SOON! 

Tag your favorite creator so you can start chatting with them soon :)
Thank me later ğŸ˜‰","https://www.linkedin.com/feed/update/urn:li:activity:7317200350413742080","2w"
"I'm super thrilled to announce that...

Oh, wait... Not yet!

But let me tell you a secret ğŸ¤«

I'm building something new, revolutionary, and marvelous... meh.

I'm building something USEFUL

for creators and for LinkedIn people!

Launching soon.

Hint: ğŸ‘¬

If you are a creator or influencer, hit me up. I'll give you exclusive access.","https://www.linkedin.com/feed/update/urn:li:activity:7316970320232349696","2w"
"Ever wonder why some brands seem to know you better than your own family? ğŸ§

The future of personalization is here, but at what cost to our privacy?

My brilliant friend Prithvi S is tackling this exact question in his upcoming live DataHour with Analytics Vidhya on April 16th. 

With third-party cookies disappearing from Chrome and consumers demanding both personalization AND privacy, this couldn't be more timely!

In this must-attend session, Prithvi will unpack:

- The real power of first-party data in today's digital landscape

- Building ethical data strategies that respect user boundaries

- The double-edged sword of GenAI in personalization

What are you waiting for?
RSVP here - https://lnkd.in/etkuG2FW

Follow me Hari for more Data & AI updates","https://www.linkedin.com/feed/update/urn:li:activity:7316803033323954178","2w"
"This Resume got me interviews at 
JPMorganChase, Roblox, Snap Inc., Barclays and more!

Hereâ€™s how you can land them too:

""Please review my resume"" - the most used phrase on LinkedIn

With the right resume, you can open doors to some amazing opportunities.

Hereâ€™s exactly how you should structure a solid resume:

1. Education:
-- Let the hiring manager know the foundation youâ€™ve built.
-- GPA is optional (unless they specifically ask).
-- Use this section to add relevant coursework that boosts keyword visibility.

2. Work Experience:
-- Donâ€™t just list tasks (show how you solved problems).
-- Back it up with results. Use numbers to build credibility.
 â€“ Highlight cross-functional work or team impact where possible.

3. Skills:
-- Highlight the skills youâ€™re confident in applying on Day 1.
-- Focus on a blend of technical and soft skills.
-- This is your keyword goldmine (optimize it smartly).

4. Projects:
-- Great for showcasing hands-on expertise, especially if you're pivoting industries or roles.
-- Projects are your playground (use them to tell your story and interests).
-- Bonus tip: Include links (if public) so they can explore your work.

5. Make it Yours:
-- Templates are fine, but your journey is not a template.
-- Donâ€™t copy-paste others' resumes (personalize your narrative).
-- Let your uniqueness come through subtly but clearly.

Bonus Resume Tips:
-- Stick to 1 page if you have under 8-10 years of experience.
-- Use quantifiable results: â€œImproved X by Y% through Z.â€
-- Avoid jargon, but tailor your language to the job description.
-- Create slightly tweaked versions for different roles (yes, itâ€™s worth the effort).
-- Keep design clean and ATS-friendly (no fancy graphics, no tables).

If youâ€™ve been applying and hearing nothing back, donâ€™t lose hope.

Give these changes a shot for just a couple of weeks, it might be the breakthrough you need.

I know the job search can feel overwhelming and lonely at times, but remember: youâ€™re not alone in this.

Youâ€™re doing your best, and that counts for something.

âœ… You can also use tools like Teal to build ATS-friendly resumes (not sponsored).
Hereâ€™s the link: https://lnkd.in/eZ4FTcaY

Take inspiration from the structure below.

I hope this helps you land your next interview. You got this!

If this helped you:
 ğŸ‘ Like
 ğŸ’¬ Comment
 ğŸ” Repost

P.S. I post free job search tips and career development hacks daily. Follow me for more!

All the best! ğŸ™Œ

Thanks Sohan (One of your posts inspired me to post this. I never shared my resume on Linkedin before.)","https://www.linkedin.com/feed/update/urn:li:activity:7315565864517271553","3w"
"The only SQL guide you'll ever need!

ğ“ğ¨ğ© 250+ ğ‹ğğğ­ğ‚ğ¨ğğ ğ’ğğ‹ ğğ®ğğ¬ğ­ğ¢ğ¨ğ§ğ¬ & ğ’ğ¨ğ¥ğ®ğ­ğ¢ğ¨ğ§ğ¬!

Woahhh...

Imagine doing just 10 problems a day! In 25 days, you're an SQL expert.

What are you waiting for?

This guide:
- Covers Easy, Medium & Hard questions
- Includes real-world SQL scenarios asked in interviews
- Helps you think like a pro and optimize queries

Huge credit to Kavitha for putting this list together, itâ€™s going to help so many folks out there!

â™»ï¸ Reshare this post so others can benefit too!

ğŸ† Follow me (Hari Prasad) for more!","https://www.linkedin.com/feed/update/urn:li:activity:7315172146807230464","3w"
"AI's been BUSY this week.

Nvidiaâ€™s stressed. Claudeâ€™s in school. And Meta just lost a big brain. ğŸ‘‡

1ï¸âƒ£ ğğ¯ğ¢ğğ¢ğš & ğ“ğ¡ğ ğ€ğˆ ğƒğ¢ğŸğŸğ®ğ¬ğ¢ğ¨ğ§ ğ‘ğ®ğ¥ğ
- U.S. drops export limits on advanced AI chips (starting May 15)
- Countries are tiered: some get chips, others (like China) get blocked
- Nvidia's stock? Rollercoaster.
- 50% of their revenue is from outside the U.S.; ouch.
- Theyâ€™re now doubling down on Tier 1 markets and R&D.

2ï¸âƒ£ ğ€ğ§ğ­ğ¡ğ«ğ¨ğ©ğ¢ğœâ€™ğ¬ ğ‚ğ¥ğšğ®ğğ ğ ğ¨ğğ¬ ğ­ğ¨ ğœğ¨ğ¥ğ¥ğğ ğ
- Claude for Education is here - a ChatGPT Edu rival
- Comes with â€œLearning Modeâ€ â†’ prompts students to think, not just copy
- Helps with papers, math, grading, and admin work
- Already live at Northeastern, LSE, and more

3ï¸âƒ£ ğŒğğ­ğšâ€™ğ¬ ğ€ğˆ ğ‚ğ¡ğ¢ğğŸ ğ¬ğ­ğğ©ğ¬ ğğ¨ğ°ğ§
- Joelle Pineau, who led FAIR and launched LLaMA, is leaving Meta in May
- She championed open-source and ethical AI
- Meta is investing $65B in AI infra this year (yep, billion)
- Her exit = big leadership shoes to fill

Enjoying this roundup?
 I share AI news, breakdowns, and real-world applications every week.
 ğŸ‘‰ Subscribe to my newsletter here: https://lnkd.in/eveg5apm

Want posts like this every weekend? Let me know in the comments ğŸ‘‡

ğŸ” Reshare this to educate your community on what's happening in the AI world","https://www.linkedin.com/feed/update/urn:li:activity:7314283058239594496","3w"
"Letâ€™s play a game!

Tell me one problem or challenge you're facing today.

 It could be:
 â€“ Struggling to get a job
 â€“ Struggling to get up in the morning
 â€“ Finding it hard to learn something new

Be specific! Iâ€™ll try to find a website or tool that can help solve it.

No promotions. No sponsored tools. No BS.

I just want to explore the real problems we're facing today and see how well the AI/SaaS world is solving them.

Who knows, maybe someone will find their next project idea in the comments below.

Ready? ğŸ‘‡ I'm all ears.","https://www.linkedin.com/feed/update/urn:li:activity:7314131537573130240","3w"
"They say, ""3rd time's a charm,"" but not for me.

- 4 years of my early 20s
- 3 years with Take-Two Interactive
- An Ivy League degree @Columbia University
- My entrepreneurial journey

All - done in the land of THE America - are coming to an END.

I have to leave the U.S. by the end of 2025.

It's been an incredible journey. But this just means America is a chapter in my life, not the end of my story.

Like every international student,
- this is the place that gave me a grad degree,
- this is the place that gave me my first internship,
- this is the place that gave me my first job,
- this is the place where I earned my first dollar from my own startup,
- this is the place where my creator journey began.

Itâ€™s a hard place to forget. But now, itâ€™s time to face reality.

If you're in the same situation as me, don't worry - weâ€™ll figure it out. And congrats to those who got their visa picked this time!

- Time for a new chapter.
- Time for a new place.
- Time for a new game.
Soon...

Until then, let's keep exploring. :)

Follow me Hari Prasad for more international student tips & tricks!","https://www.linkedin.com/feed/update/urn:li:activity:7313394508140793856","4w"
"You are NOT a true Data Scientist if you don't understand these signature phrases:

- ""Triple Bam""

- ""Don't worry about it if you don't understand""

- ""My name is Krish Naik. Welcome to my Youtube channel""


You wanna add anything more to the list? ğŸ‘‡


Follow me Hari for daily Data Science tips ğŸ™Œ","https://www.linkedin.com/feed/update/urn:li:activity:7312838429996691458","1mo"
"ğ‡ğ¨ğ° ğ­ğ¨ ğ›ğ ğ¢ğ§ ğ­ğ¡ğ ğ“ğ¨ğ© 1% ğ¨ğŸ ğ‰ğ¨ğ› ğ’ğğğ¤ğğ«ğ¬ ğ¢ğ§ 2025

Most people are stuck in an endless cycle of applying, waiting, and hoping. 

The ones who break out of this loop? They play the game differently.

Hereâ€™s how you can do the same:

â€£ ğ“ğ«ğğšğ­ ğ²ğ¨ğ®ğ« ğ£ğ¨ğ› ğ¬ğğšğ«ğœğ¡ ğ¥ğ¢ğ¤ğ ğš ğ©ğ«ğ¨ğ£ğğœğ­:
Set a clear deadline and work backward. Aimless applying wonâ€™t cut it.

â€£ ğˆğğğ§ğ­ğ¢ğŸğ² 3 ğ®ğ§ğŸğšğ¢ğ« ğšğğ¯ğšğ§ğ­ğšğ ğğ¬:
These could be rare skills, unique experiences, or a strong personal brand. Double down on them.

â€£ ğğ©ğ­ğ¢ğ¦ğ¢ğ³ğ ğŸğ¨ğ« ğ¯ğ¢ğ¬ğ¢ğ›ğ¢ğ¥ğ¢ğ­ğ², ğ§ğ¨ğ­ ğ£ğ®ğ¬ğ­ ğšğ©ğ©ğ¥ğ¢ğœğšğ­ğ¢ğ¨ğ§ğ¬:
Engage with hiring managers, post insights, and get on peopleâ€™s radar. You want them to remember you before you apply.

â€£ ğ‹ğğšğ«ğ§ ğŸğ«ğ¨ğ¦ ğ­ğ¡ğ ğ›ğğ¬ğ­:
Find 5 people who recently landed the job you want. Study their LinkedIn, portfolios, and interview strategies. Reverse-engineer their success.

â€£ ğŒğšğ¤ğ ğğ¢ğ«ğğœğ­ ğœğ¨ğ§ğ§ğğœğ­ğ¢ğ¨ğ§ğ¬:
Instead of cold applying, get warm introductions. Even one strong referral can be a game-changer.

â€£ ğˆğ­ğğ«ğšğ­ğ & ğ¢ğ¦ğ©ğ«ğ¨ğ¯ğ:
Every rejection is feedback. Adjust your approach, refine your messaging, and keep moving forward.

And the most underrated strategy? 

ğ–ğ¨ğ«ğ¤ ğ¨ğ§ ğ²ğ¨ğ®ğ« ğ¦ğ¢ğ§ğğ¬ğğ­. 
Job search fatigue is real, but those who stay focused and resilient always come out on top.

The real competition isnâ€™t against others - it's against your past self. 

Follow me Hari Prasad for more tips & tricks in your job search.
ğŸ” Reshare this post to help more people. Let's grow together!","https://www.linkedin.com/feed/update/urn:li:activity:7312663298955444226","1mo"
"My LinkedIn profile says Iâ€™m working as a Data Scientist in the US and living my dream life.

But, itâ€™s all a LIE!

Because my LinkedIn doesnâ€™t tell you that:

â€“ There was a time when I was jobless and burdened with over $80,000 in student loan debt.

â€“ There was a time when I had to work two part-time jobs just to afford food and daily expenses.

â€“ There was a time when I missed major festivals, weddings, birthdays, and even funerals back home.

â€“ There was a time when I spent mornings moving furniture at a part-time job and came home exhausted, only to stay up late job-hunting.

Life as an international student is often full of hard work, anxiety, and unexpected struggles.

If you ask me: Would I do it all again?

ABSOLUTELY!

It has taught me lessons Iâ€™ll never forget.
It has given me exposure I wouldnâ€™t have had otherwise.

Dedicating this to all international students - Cheers to your resilience and determination! ğŸ¥‚","https://www.linkedin.com/feed/update/urn:li:activity:7311934360532758528","1mo"
"You can ignore SQL, but SQL wonâ€™t ignore you.

-----------------

SELECT EssentialSkill, COUNT(*) AS skill_count 

FROM DataCareers 

WHERE Role IN ('Data Analyst', 'Data Scientist', 'Data Engineer') 

GROUP BY EssentialSkill 

ORDER BY skill_count 

DESC LIMIT 1;

-----------------
ğğ®ğ­ğ©ğ®ğ­:

SQL

-----------------","https://www.linkedin.com/feed/update/urn:li:activity:7311213794536402944","1mo"
"If I had to stand out in the Data field and ğ ğğ­ ğš ğ£ğ¨ğ› ğ¢ğ§ 2025, this is what I would do:

I would pick a niche and be ""really"" good at it.

Thatâ€™s it!

ğ‡ğ¨ğ° ğ­ğ¨ ğ›ğ ğ«ğğšğ¥ğ¥ğ² ğ ğ¨ğ¨ğ ğšğ­ ğ¢ğ­:
- Watch tutorials
- Read blogs
- Do projects (from scratch)
- Read books about it
- Attend conferences on the niche
- Talk to experts in that niche
- Write your own blog/LinkedIn posts
- Just fall in love with that niche (the job will come to you!)

ğ‡ğğ«ğ ğšğ«ğ ğš ğŸğğ° ğ§ğ¢ğœğ¡ğğ¬ ğ²ğ¨ğ® ğœğšğ§ ğ©ğ¢ğœğ¤ ğŸğ«ğ¨ğ¦:
1ï¸âƒ£ ğ“ğğœğ¡-ğ›ğšğ¬ğğ ğ§ğ¢ğœğ¡ğğ¬:
- NLP
- Computer Vision
- Time Series
- Generative AI
- Reinforcement Learning
- Recommender Systems
- MLOps & Model Deployment
- AI for Security

2ï¸âƒ£ ğ’ğğœğ­ğ¨ğ«-ğ›ğšğ¬ğğ ğ§ğ¢ğœğ¡ğğ¬:
- Healthcare
- Finance
- Marketing
- Sales
- Supply Chain & Logistics
- Sports Analytics
- Retail & E-commerce
- Government & Policy Analytics
- Gaming & Entertainment

I mean, the list goes on! Just pick whatever you like the most. If you donâ€™t know yet, explore until you find one that clicks.

Take the first step here: ğ‚ğ¨ğ¦ğ¦ğğ§ğ­ ğ›ğğ¥ğ¨ğ° ğ°ğ¡ğ¢ğœğ¡ ğ§ğ¢ğœğ¡ğ ğ²ğ¨ğ®â€™ğ«ğ ğ ğ¨ğ¢ğ§ğ  ğ­ğ¨ ğ©ğ¢ğœğ¤! ğŸ‘‡ Itâ€™s totally fine if you change it later. Just Start!

ğŸ” Reshare this with your community! Letâ€™s grow together.
Follow me Hari Prasad for more Data & AI tips & tricks","https://www.linkedin.com/feed/update/urn:li:activity:7310655042439577600","1mo"
"""I like AIâ€¦ I'm an AI expertâ€¦""

Oh really?

""Yes! I know how to use ChatGPT.""
ğŸ‘€

If this is you, it's time to change that.

BecauseÂ realÂ AI expertise isnâ€™t just about prompting - itâ€™s about understanding how AI worksÂ under the hood.

I found anÂ amazingÂ free course by Hugging Face that coversÂ everythingÂ you need to actuallyÂ learnÂ NLP (not just talk about it).

Hereâ€™s whatâ€™s inside:

1. Transformer Models
- What NLP really is
- How Transformers work (encoders, decoders, sequence-to-sequence)
- TheÂ realÂ limitations & biases

2. Using ğŸ¤— Transformers
- Behind the magic of the ""pipeline""
- Models, tokenizers, and decoding sequences

3. Fine-Tuning a Pretrained Model
- Processing & preparing data
- Full training workflows

4. Sharing Models & Tokenizers
- Using & contributing to the Hugging Face Hub
- Building model cards

5. The Datasets Library
- Handling big data
- Creating custom datasets

6. The Tokenizers Library
- Training new tokenizers
- Byte-Pair Encoding, WordPiece, Unigram

This isÂ theÂ course if you actually want toÂ buildÂ AI - not just use it.

ğŸ‘‰Â Check it out here: https://lnkd.in/enSWf3em

Question for you:Â Are you ready to moveÂ beyondÂ ChatGPT prompts? 

If you want more such resources, follow me Hari Prasad (I promise that you won't miss out on the AI race)

ğŸ” Don't be selfish! Share it with your friends. Let's grow together.","https://www.linkedin.com/feed/update/urn:li:activity:7310459592302297089","1mo"
"Your Python project is dead, just sitting in your Jupyter notebooks!

That's right! I'll say it again.

You did dashboarding?
You trained cutting-edge ML models?
You got 99% accuracy?

No one cares - unless people can actually use it.

Here are 10 ways you can deploy your Python projects:
ğŸ”¹ Flask/FastAPI + Gunicorn + Nginx â€“ Host your API on a VPS like AWS, DigitalOcean, or Linode.
ğŸ”¸ Docker + Kubernetes â€“ Containerize your app and deploy it with orchestration.
ğŸ”¹ AWS Lambda + API Gateway â€“ Serverless deployment for lightweight functions.
ğŸ”¸ Heroku â€“ Simple and free-tier-friendly for small projects.
ğŸ”¹ Google Cloud Run â€“ Deploy containerized apps without managing servers.
ğŸ”¸ Streamlit â€“ Deploy interactive Python apps quickly.
ğŸ”¹ PyInstaller â€“ Package your script into an executable for local use.
ğŸ”¸ Azure Functions â€“ Serverless execution on Microsoft Azure.
ğŸ”¹ GitHub Actions + Cloudflare Pages â€“ Automate deployments for static sites or APIs.
ğŸ”¸ Raspberry Pi â€“ Deploy Python scripts for IoT and embedded applications.

Don't stop at your Jupyter notebook project - there's no excuse.

Don't be selfish. 
â™»ï¸ Share this post with your friends and community to motivate them.

P.S.: If you need help building end-to-end AI products, join the 4-week workshop here â†’ https://myrealproduct.com (Deadline: today!)","https://www.linkedin.com/feed/update/urn:li:activity:7309939248151838720","1mo"
"I watched hundreds of tutorials online.
I did every project possible.
I learned every skill out thereâ€”SQL, Python, Tableau...

Still, I donâ€™t get interviews.

In the data world, itâ€™s not about the number of things you do. Itâ€™s about the quality of your work.

Quality over Quantity (any day).

Thatâ€™s why weâ€™re bringing you a dope live podcast packed with tips and tricks to help you build a solid data profile.

âœ… Learn our strategies
âœ… Interact with us
âœ… Ask your questions
âœ… Best part? Itâ€™s completely freeâ€”just invest your time.

Our guests need no introduction, but hereâ€™s a quick one:

Sandeep â€“ Senior Data Analyst | 20k+ YouTube | Top Data Analytics Voice
Venkata Naga Sai â€“ Lead Data Analyst | Featured on Times Square, Favikon, Fox, NBC | 130k+ LinkedIn
Sohan Sethi â€“ Business Analyst II | Co-founded 2 Startups by 20 | 75k+ LinkedIn
Hari Prasad (myself) â€“ Data Scientist | 30k+ LinkedIn | Ivy League Grad

ğŸ“… Mark your calendars: March 23 at 11 AM EST / 8 AM PST / 8:30 PM IST

ğŸ”— RSVP here: https://lu.ma/czp9ty7w

See you soon! Reshare this to spread the word and help others.","https://www.linkedin.com/feed/update/urn:li:activity:7308491086153371648","1mo"
"To get a job, we need experience. But to get experience, we need a job.

The ultimate chicken-and-egg problemâ€”except with resumes.

I once saw a job posting asking for 10 years of experience in Gen AI (which barely existed that long ago) and 5 years of experience for a junior Data Analyst role. Make it make sense!

If youâ€™re stuck in this loop, the only way out is to stand out.

As an international student, I know how tough it is to land your first tech job without experience.

ğ‡ğğ«ğ'ğ¬ ğš ğ›ğğ­ğ­ğğ« ğ¬ğ¨ğ¥ğ®ğ­ğ¢ğ¨ğ§: Donâ€™t just build projectsâ€”build products.

ğ‡ğğ«ğ'ğ¬ ğ­ğ¡ğ ğ©ğ¥ğšğ§:
âœ… Work in small groups (no more solo Titanic projects)
âœ… Build something real that people can actually use

If youâ€™re ready to break out of the experience loop and create something that sets you apart, sign up here for the April workshop here: https://myrealproduct.com","https://www.linkedin.com/feed/update/urn:li:activity:7309584376076402688","1mo"
"I know how it feels 
- watching a hundred tutorials, 
- doing every project, 
- learning SQL, Python, Tableauâ€¦ 
- and still no interviews. 

Frustrating, right?

The thing is, in data, itâ€™s not about doing more - itâ€™s about doing it right. 

Quality >>> quantity, any day.

Thatâ€™s why weâ€™re doing a live podcast to break it all down. No fluff, just real, actionable strategies to build a solid data profile. 

And the best part? Itâ€™s completely free - just your time.

Weâ€™ve got some insane guests lined up:
Sandeep â€“ Senior Data Analyst | 20k+ YouTube | Top Data Analytics Voice
Venkata â€“ Lead Data Analyst | Featured on Times Square, Favikon, Fox, NBC | 130k+ LinkedIn
Sohan Sethi â€“ Business Analyst II | Co-founded 2 Startups by 20 | 75k+ LinkedIn
Hari Prasad (me) â€“ Data Scientist | 30k+ LinkedIn | Ivy League Grad

Weâ€™re going live March 23 at 11 AM EST / 8 AM PST / 8:30 PM IST.

Hereâ€™s the RSVP link: https://lu.ma/czp9ty7w

Would love to have you there. Bring your questions, letâ€™s make it fun! And hey, if you know someone struggling with their data job search, share this with them too.

See you soon!","https://www.linkedin.com/feed/update/urn:li:activity:7309367028522405888","1mo"
"Don't take my word! Hear from one of MyRealProduct's alumni.

I didn't bribe him to write this. ğŸ‘€

If you want to build a real product from scratch in just 4 weeks, our next batch is closing this weekend. Don't miss out â€” https://myrealproduct.com/

Time to flex your own product during interviews!","https://www.linkedin.com/feed/update/urn:li:activity:7308965112822808576","1mo"
"30,000 people have decided to follow me on LinkedIn. Wild. Never thought I'd say that.

When I started posting, I had no idea what I was doing. Some posts flopped, some did okay, and a few (somehow) went viral. 

But through it all, I kept one rule: 
Share honestly - whether itâ€™s wins, failures, or just funny takes on job hunting & learning AI.

This number isn't just mine. Itâ€™s because of all of youâ€”people who engage, comment, share their stories, and sometimes even argue in the comments (I see you ğŸ˜†). 

Iâ€™ve learned just as much from you as you (hopefully) have from me.

So, tell me - whatâ€™s been your favorite post so far? 
Or if you're new here, what do you want to see more of?","https://www.linkedin.com/feed/update/urn:li:activity:7308859373722759170","1mo"
"From Idea to AI Product in 4 Weeks â€“ Watch It Happen LIVE!

4 weeks ago, a few ambitious teams started with just an idea. Today, they have fully functional AI products - ready to be showcased! 

Building an AI product isnâ€™t just about coding. Itâ€™s about:
 âœ… Validating ideas that actually solve problems
 âœ… Navigating AI's strengths and limitations
 âœ… Learning how to build, iterate, and ship fast

Now, you get to see their journey in action! Whether you're an AI enthusiast, a builder, or someone looking for inspiration, this is your chance to:
 ğŸ”¹ Explore real-world AI innovations
 ğŸ”¹ Get fresh ideas for your next AI project
 ğŸ”¹ Learn from teams that built AI products in just 4 weeks

ğŸ“… March 22nd - 10am EST | 7am PST | 7:30pm IST

This is a rare opportunity to get motivation & ideas (I generally don't say this).

 ğŸ”— Reserve your spot: https://lu.ma/d610efoh

See you there!","https://www.linkedin.com/feed/update/urn:li:activity:7308809370409074688","1mo"
"""The one thing I did to land a Data Science job (with zero experience)â€:

ğˆ ğ›ğ®ğ¢ğ¥ğ­ ğ«ğğšğ¥ ğ©ğ«ğ¨ğğ®ğœğ­ğ¬â€¦ ğšğ§ğ ğŸğ¥ğğ±ğğ ğ­ğ¡ğğ¦ ğ¢ğ§ ğ¢ğ§ğ­ğğ«ğ¯ğ¢ğğ°ğ¬.

2 years ago, 
AI terrified me. It felt advanced, intimidating, impossible.
But I broke the cycle. Started coding. Failed. Learned.

ğ‹ğšğ¬ğ­ ğ°ğğğ¤, ğˆ ğ›ğ®ğ¢ğ¥ğ­ ğ­ğ¡ğ¢ğ¬ ğ¢ğ§ 30 ğ¦ğ¢ğ§ğ®ğ­ğğ¬: 
Resume Roast AI ğŸ”¥ : An app that roasts your resume so hard, even your LinkedIn bio would blush.

ğ‡ğ¨ğ° ğ¢ğ­ ğ°ğ¨ğ«ğ¤ğ¬ ğ¢ğ§ 3 ğ¬ğ­ğğ©ğ¬:
â€£ Upload your resume (PDF or text) 
â€£ Googleâ€™s Gemini AI generates roasts (â€œAh, â€˜team playerâ€™â€¦ so you answer emails slowly?â€)
â€£ AWS handles storage and deployment (AWS S3 , EC2 , configuring DNS etc..)

Most devs overcomplicate projects. I open-sourced this to prove AI products are simpler than you think.

ğ†ğ¢ğ­ğ‡ğ®ğ› ğ«ğğ©ğ¨ ğ¢ğ§ ğ­ğ¡ğ ğœğ¨ğ¦ğ¦ğğ§ğ­ğ¬ ğŸ‘‡ (Modify it, break it, rebuild it - no gatekeeping).

ğ–ğšğ§ğ­ ğ­ğ¨ ğ›ğ®ğ¢ğ¥ğ ğ€ğˆ ğ©ğ«ğ¨ğğ®ğœğ­ğ¬ ğ­ğ¡ğšğ­ ğ¬ğ¨ğ¥ğ¯ğ ğ«ğğšğ¥ ğ©ğ«ğ¨ğ›ğ¥ğğ¦ğ¬?Â Iâ€™m mentoring 13 students to: 
âœ“ Ship production-ready AI apps 
âœ“ Master cloud deployment (no more localhost)
âœ“ Cut through tutorial paralysis. 
(More details in the first comment)

â™»ï¸ I know it's too to ask for... But reshare this post, so you can help thousands of people to kickstart their AI career!","https://www.linkedin.com/feed/update/urn:li:activity:7308438969229234176","1mo"
"SQL Cheat Sheet (Super Short Version)

1. Basics

ğŸ”¹ï¸SELECT column1, column2 FROM table; â†’ Retrieve data

ğŸ”¹ï¸SELECT * FROM table; â†’ Retrieve all columns

ğŸ”¹ï¸DISTINCT â†’ Remove duplicates

ğŸ”¹ï¸ORDER BY column ASC/DESC; â†’ Sort results

ğŸ”¹ï¸LIMIT n; â†’ Restrict number of results


2. Filtering

ğŸ”¸ï¸WHERE column = 'value'; â†’ Filter data

ğŸ”¸ï¸AND, OR, NOT â†’ Combine conditions

ğŸ”¸ï¸IN (value1, value2) â†’ Match multiple values

ğŸ”¸ï¸BETWEEN value1 AND value2 â†’ Range filter

ğŸ”¸ï¸LIKE 'pattern%' â†’ Pattern matching

ğŸ”¸ï¸IS NULL / IS NOT NULL â†’ Handle null values


3. Aggregation

ğŸ”¹ï¸COUNT(*), SUM(column), AVG(column), MIN(column), MAX(column)

ğŸ”¹ï¸GROUP BY column; â†’ Group data

ğŸ”¹ï¸HAVING condition; â†’ Filter after aggregation


4. Joins

ğŸ”¸ï¸INNER JOIN â†’ Matching rows in both tables

ğŸ”¸ï¸LEFT JOIN â†’ All rows from left + matching right

ğŸ”¸ï¸RIGHT JOIN â†’ All rows from right + matching left


5. Modifying Data

ğŸ”¹ï¸INSERT INTO table VALUES (...);

ğŸ”¹ï¸UPDATE table SET column = value WHERE condition;

ğŸ”¹ï¸DELETE FROM table WHERE condition;


6. Creating Tables

ğŸ”¸ï¸CREATE TABLE table_name (column1 TYPE, column2 TYPE);

ğŸ”¸ï¸DROP TABLE table_name;


If you want to practice these skills, join this 15 day SQL challenge to take this beyond thoery - https://lnkd.in/e5yUnnZb

Follow me Hari for more such tips & hacks!

â™»ï¸ Reshare to help your community","https://www.linkedin.com/feed/update/urn:li:activity:7307846447872290818","1mo"
"""AI is killing jobs. Sht, man, sht.""

Nope, thatâ€™s the wrong mindset. Youâ€™re in 2025 - think like it.

The job market isnâ€™t looking for perfection. Itâ€™s hunting for scrappy problem-solvers who can bridge code and real-world impact.

Hereâ€™s your cheat code: Solve tiny problems. Build in public. Stand out.

2 AI Project Ideas to Build Right Now

1ï¸âƒ£ ""The Interview Anxiety Destroyer"" ğŸ™ï¸

â€£ ğ–ğ¡ğšğ­ ğ¢ğ­ ğğ¨ğğ¬: 
Helps students practice interviews by letting them speak their answers aloud. Whisper transcribes it, GPT-4o gives instant feedback on clarity, conciseness, and cultural fit.

â€£ ğ‡ğ¨ğ° ğ­ğ¨ ğ›ğ®ğ¢ğ¥ğ: 
Use Whisper for speech-to-text, GPT-4o for analysis, and deploy with Modal in minutes.

â€£ ğ–ğ¡ğ² ğ¢ğ­â€™ğ¬ ğœğ¨ğ¨ğ¥: 
Itâ€™s like having a personal interview coach in your pocketâ€”and it actually works!

2ï¸âƒ£ ""Micro-Mentorship Connector"" ğŸ¤

â€£ ğ–ğ¡ğšğ­ ğ¢ğ­ ğğ¨ğğ¬: 
Connects students with professionals for 15-min mentorship calls. Automatically generates session notes using Whisper + GPT summarization.

â€£ ğ‡ğ¨ğ° ğ­ğ¨ ğ›ğ®ğ¢ğ¥ğ: 
Use Whisper for transcription, GPT for summaries, and document your build process publicly to inspire others.

â€£ ğ–ğ¡ğ² ğ¢ğ­â€™ğ¬ ğœğ¨ğ¨ğ¥: 
Itâ€™s not just a platformâ€”itâ€™s a movement to make mentorship accessible at scale.

Need help building cool AI products like these? ğˆ'ğ¦ ğ ğ¨ğ§ğ§ğš ğ¡ğğ¥ğ© 13 ğ¬ğ­ğ®ğğğ§ğ­ğ¬ to build & deploy AI projects end-to-end. Sign up here - https://lnkd.in/ee2v7Gv5","https://www.linkedin.com/feed/update/urn:li:activity:7307798016994754562","1mo"
"Over the past 4 weeks, I've helped 4 dedicated teams to develop real-world AI products. Now, they're ready to showcase their products.

Why Attend?
- Discover Innovations: Experience AI innovations transforming industries.
- Get ideas: Take inspiration for your next AI project.
- Gain Insights: Learn about emerging trends and technologies.
- Learn AI Product Development: Understand the process of ideating and building AI products.

Don't miss this opportunity to engage with the future of AI. Special thanks to the mentors Venkata, Sohan & Mark who made this possible!

Reserve your spot today - https://lu.ma/d610efoh
ğŸ—“ï¸ March 22nd - 10am EST (or) 7am PST (or) 7:30pm IST","https://www.linkedin.com/feed/update/urn:li:activity:7307569121120919552","1mo"
"Dear International Student,
We regret to inform you that despite your exceptional qualifications, we cannot proceed due to:

ğŸš« Your 10 Kaggle projects â‰  ""real-world experience""

ğŸš« Your ""Titanic Survival Model"" â‰  ""shipped product""

Sincerely,

Every Company You'll Apply To

If that rejection made you smirk (or cry a little inside), I've got something for you.

I found a way to gain real-world experience by building a real product in just 4 weeks.

Workshop details here - https://lnkd.in/ei5iD3Z6","https://www.linkedin.com/feed/update/urn:li:activity:7307375105603452930","1mo"
"Do you want to build an AI App like this in just 1 hour? (without writing any code)

Watch my live demo here - https://lnkd.in/e9M5VpGN","https://www.linkedin.com/feed/update/urn:li:activity:7306767392490094592","1mo"
"Ok, letâ€™s do this. How long are you going to be intimidated by AI?

Itâ€™s time.

Iâ€™m conducting a free 1-hour masterclass on â€œHow to Build an AI Appâ€â€”the best part? No coding is required.

But you have to promise me something. I donâ€™t want this to be just a lecture. Promise me youâ€™ll build your own AI app right after the session.

If yes, see you in class this ğŸ—“ï¸ Saturday at 10 AM EST.

RSVP using this link - https://lu.ma/p3dunxk0

Share it with your community to motivate them as well ğŸ˜‰","https://www.linkedin.com/feed/update/urn:li:activity:7306121404071006208","1mo"
"Wow, it's gonna be fun!

Watch here - https://lnkd.in/e_VAD2qZ","https://www.linkedin.com/feed/update/urn:li:activity:7306665577698217984","1mo"
"International Students, Donâ€™t Miss This! 

No one is talking about thisâ€¦ and itâ€™s surprisingly simple!

Tomorrow at 10 AM EST, Iâ€™m hosting a live session where Iâ€™ll show you how to build an AI app using ONLY no-code toolsâ€”no coding experience needed!

--> RSVP now: https://lu.ma/p3dunxk0

ğŸ” Share this with your friends & communityâ€”letâ€™s make AI accessible to everyone!","https://www.linkedin.com/feed/update/urn:li:activity:7306512053458907136","1mo"
"Imagine what an engineer can do with a solid idea and some time to spare!

This is one of the best examples of that. Ritesh and his team started working on this idea. Now, they have a working product and have submitted their Chrome extension to the Chrome Web Store.

Want to build real products like these?
Join our April batch (we are closing in 7 days. Don't miss out) - https://lnkd.in/ei5iD3Z6","https://www.linkedin.com/feed/update/urn:li:activity:7306126515753144320","1mo"
"Ok, letâ€™s do this. How long are you going to be intimidated by AI?

Itâ€™s time.

Iâ€™m conducting a free 1-hour masterclass on â€œHow to Build an AI Appâ€â€”the best part? No coding required.

But you have to promise me something. I donâ€™t want this to be just a lecture. Promise me youâ€™ll build your own AI app right after the session.

If yes, see you in class this ğŸ—“ï¸ Saturday at 10 AM EST.

RSVP here - https://lu.ma/p3dunxk0","https://www.linkedin.com/feed/update/urn:li:activity:7305998965848657920","1mo"
"I'm planning to conduct a FREE 1-hour Masterclass on ""Building an AI App"" this weekend.

(No coding experience needed)

I know many of you find AI intimidating, but this hands-on project will be a valuable addition to your portfolio.

Would this be something you'd be interested in? If yes, let me know in the comments ğŸ‘‡ and I'll move forward with the plan.

I'll share the exact date and time soon!

Make sure to follow me to get that update.","https://www.linkedin.com/feed/update/urn:li:activity:7305585358652538880","1mo"
"2023: The Year of Layoffs
2024: The Year of Uncertainty
2025: The Year of Comeback

The job market keeps shifting, and so should we. Itâ€™s not just about waiting for opportunitiesâ€”itâ€™s about adapting, learning, and positioning yourself for whatâ€™s next.

Companies are hiring, but theyâ€™re looking for people who bring real impact.

 Now is the time to:
- Learn high-demand skills
- Build projects that showcase your expertise
- Network & stay visible

The market will bounce back. The question isâ€”will you be ready?

If you're looking for job search strategies, career insights, or just some motivation, letâ€™s connect!","https://www.linkedin.com/feed/update/urn:li:activity:7305214811041124353","1mo"
"""AI is moving too fast. 
LinkedIn feels overwhelming. 
Should I even bother?""


I hear this a lot. And honestly? I get it.

The world of AI and product building can feel intimidating - new tools, complex jargon, and the constant pressure to keep up. But thatâ€™s exactly why I started teaching at MyRealProduct - to make this journey less scary and more doable.

Yesterday, I received this message from one of the participants.

This. This is what keeps me going.

If youâ€™ve ever felt the same wayâ€”intimidated, stuck, or just unsure where to startâ€”I promise MyRealProduct is the place where youâ€™ll actually build, not just watch.

Apply now for April batch - https://lnkd.in/ei5iD3Z6

Letâ€™s make AI work for you, not against you","https://www.linkedin.com/feed/update/urn:li:activity:7305020824841773056","1mo"
"You Know Youâ€™re a Data Scientist When... 

ğŸ”¹ You build a complex model... only to realize a simple SQL query would have worked.

 ğŸ”¹ That â€œone small changeâ€ in production takes down the entire pipeline.

 ğŸ”¹ You spend more time cleaning data than actually analyzing it.

 ğŸ”¹ You Google the same pandas function every single day.

 ğŸ”¹ Your stakeholders ask for â€œAI,â€ but they really just want a bar chart.

 ğŸ”¹ Your family still thinks you work with ""big computers and numbers.""

Whatâ€™s your Data Scientist moment? Drop it in the comments! â¬‡ï¸","https://www.linkedin.com/feed/update/urn:li:activity:7304893202006757377","1mo"
"Certificates â€“ the biggest SCAM of the 21st century!

Tell me somethingâ€¦ how many certificates do you have after completing your 47th online course?

Did it actually help you?!

All these â€œonline gurusâ€ bait you by promising a certificate at the end of their course. And you think that is the value you get from online courses?

At MyRealProduct, we do the opposite.
You give us a certificate before starting the cohortâ€”a Certificate of Commitment.

The real outcome of our 4-week cohort? A solid product with hundreds of real users benefiting from it.

Deal?

Comment down your email ğŸ‘‡, and I'll send you more details on how to join this April cohort.","https://www.linkedin.com/feed/update/urn:li:activity:7304691656681766913","1mo"
"Stop Taking Advice From People Whoâ€™ve Never Done It

(Spoiler: Your 47th â€œHow to Land a Tech Jobâ€ YouTube video wonâ€™t either.)

Hereâ€™s what works now:
Delete every â€œcareer hackâ€ guide you bookmarked.

Instead:
- Build a functional product (not another tutorial clone)
- Validate the product
- Host it publicly (get hundreds of users)

Why this works:
- Companies arenâ€™t hiring your knowledge.
- Theyâ€™re hiring your ability to solve.

So stop bragging and start building.

If you need help, check this out - https://lnkd.in/ee2v7Gv5","https://www.linkedin.com/feed/update/urn:li:activity:7303582126170402819","1mo"
"We are international students...
We navigate visa rules, job search stress, and cultural differencesâ€”yet still show up with a smile.

We are international students...
We translate our thoughts in real-time, write emails like native speakers, and still get told we need ""better communication skills.""

We are international students...
We juggle time zones to call family, miss festivals back home, and still find ways to celebrate with new friends.

We are international students...
We take risks, adapt, and push through uncertaintyâ€”because failure is not an option.

ğŸ‡ºğŸ‡¸ğŸ‡¬ğŸ‡§ğŸ‡¨ğŸ‡¦To every international student out there: 
Youâ€™re stronger than you think. Keep going.

--
Follow me Hari to navigate this international student journey with ease!","https://www.linkedin.com/feed/update/urn:li:activity:7302335998678450178","1mo"
"Dear International Student,
We regret to inform you that despite your exceptional qualifications, we cannot proceed due to:

ğŸš« Your 10 Kaggle projects â‰  ""real-world experience""
ğŸš« Your ""Titanic Survival Model"" â‰  ""shipped product""

Sincerely,
Every Company Youâ€™ll Apply To

If that rejection made you smirk (or cry a little inside), Iâ€™ve got something for you.

I found a way to gain real-world experience by building a real product in just 4 weeks.

[Edit]
Registration open! Check it out here - https://lnkd.in/ee2v7Gv5","https://www.linkedin.com/feed/update/urn:li:activity:7301043397253844992","2mo"
"Soâ€¦ I broke some LinkedIn rules yesterday.

I posted just a link to MyRealProduct.
No emojis. No â€œHey fam!â€ No 10-paragraph storytelling.

ğ‘ğğ¬ğ®ğ¥ğ­?
More clicks than when I tried to be â€œalgorithm-friendly.â€

ğ–ğ¡ğ² ğšğ¦ ğˆ ğ­ğğ¥ğ¥ğ¢ğ§ğ  ğ²ğ¨ğ® ğ­ğ¡ğ¢ğ¬?
Because weâ€™re all tired of pretending LinkedIn is a TED Talk stage and weâ€™re the over-rehearsed speakers.

But hereâ€™s the real kicker: If youâ€™re job hunting, you know the feeling.

You tweak your resume 47 times.
You write cover letters that sound like Shakespeare (but no one reads).
You overthink every LinkedIn post because What if HR sees this?

And yetâ€¦

The job you land will probably come from one simple connection or one bold move - not the 47th edit.

ğ“ğ¡ğ ğ¥ğğ¬ğ¬ğ¨ğ§?
Sometimes, less is more. But always be human, not a content bot.

P.S. If you clicked the link yesterday, thank you. If you didnâ€™t, itâ€™s still there. No LinkedIn theater. Just the truth. Check it out here: https://lnkd.in/ewuAEupF","https://www.linkedin.com/feed/update/urn:li:activity:7300538625279098880","2mo"
"The link that changes your life - https://lnkd.in/ee2v7Gv5

That's it! That's the post :)","https://www.linkedin.com/feed/update/urn:li:activity:7300316603349360640","2mo"
"Letâ€™s play a game!

ğ’ğœğğ§ğšğ«ğ¢ğ¨: Final-round interview. The hiring manager asks:
â€œYour profile says â€˜international studentâ€™â€¦ what does that mean?â€

ğ–ğ«ğ¨ğ§ğ  ğšğ§ğ¬ğ°ğğ«: â€œI need sponsorship.â€

ğ‘ğ¢ğ ğ¡ğ­ ğšğ§ğ¬ğ°ğğ«:
""It means I:
- Juggled late-night calls with family, exams, and assignments across time zones.
- Balanced job hunting, cooking, and a 20-hour part-time jobâ€”all at once.â€

ğ–ğ¡ğ² ğğ¨ğğ¬ ğ­ğ¡ğ¢ğ¬ ğ¦ğšğ­ğ­ğğ«?
- They want proof you can create value from chaos.
- They want to see how you turn survival mode into solutions.

ğ“ğ¡ğ ğ¬ğšğ¦ğ ğšğ©ğ©ğ¥ğ¢ğğ¬ ğ­ğ¨ ğ£ğ¨ğ› ğ¡ğ®ğ§ğ­ğ¢ğ§ğ :
- Build something that screams â€œhire meâ€ louder than your accent.
- Craft a story that turns â€œWhy you?â€ into â€œWhy not you?â€

This April, Iâ€™m helping 25 ğ¬ğ­ğ®ğğğ§ğ­ğ¬ do exactly thatâ€”by ğ›ğ®ğ¢ğ¥ğğ¢ğ§ğ  ğš ğ«ğğšğ¥ ğ©ğ«ğ¨ğğ®ğœğ­.

No fluff. No theory. Just 4 weeks of:
âœ”ï¸ I coded this.
âœ”ï¸ I shipped this.
âœ”ï¸ Iâ€™m ready.

Want in? ğƒğ«ğ¨ğ© ğ²ğ¨ğ®ğ« ğğ¦ğšğ¢ğ¥ ğ›ğğ¥ğ¨ğ° ğŸ‘‡ Iâ€™ll DM you the details!","https://www.linkedin.com/feed/update/urn:li:activity:7299958699555471360","2mo"
"Tools to learn to become a developer BEFORE 2024:

- Python
- JavaScript
- GitHub
- Docker
- AWS / Azure / GCP


Tools to learn to become a developer NOW:

- ChatGPT
- Claude AI
- Bolt New
- GitHub Copilot
- Cursor AI


Yes, I said it ğŸ‘€","https://www.linkedin.com/feed/update/urn:li:activity:7299785288019525632","2mo"
"Ever wondered why AI-generated content sounds like it was written by... well, a robot?

I had the pleasure of tackling this exact challenge yesterday. I was invited as a speaker at the AICamp event, hosted at Microsoft NYC and sponsored by Google.

The energy in the room was electric! We dove deep into the world of AI content creation and explored practical ways to make AI writing sound more human. The engagement and questions from the audience were incredible - clearly this is a pain point many of us share.

What struck me most? 
The diverse perspectives and creative solutions that emerged during our discussions. From founders to developers, everyone had unique insights to share.

Did you miss the event? 

ğŸ‘‡ Drop a comment below with your biggest AI content creation challenge. Let's keep this conversation going!","https://www.linkedin.com/feed/update/urn:li:activity:7298350081513062400","2mo"
"Junior Data Engineer: Letâ€™s store this data in a SQL database.

Mid-level Data Engineer: Letâ€™s design a distributed data pipeline with Kafka, Spark, and Snowflake.

Senior Data Engineer: Have we tried using a CSV file first?","https://www.linkedin.com/feed/update/urn:li:activity:7297990782710366208","2mo"
"ğŸ¤ Excited to speak at the AI Meetup in NYC tomorrow about transforming AI-generated content into engaging, human-like material!

Ever wondered how to make AI content feel more authentic? 

Join me at Microsoft NYC as I break down my proven workflow for creating high-quality content that resonates with your audience.

What you'll learn:
- Practical techniques to enhance AI-generated content
- Real-world examples and strategies
- Tips to scale your content while maintaining quality
- How to make AI complement your creativity, not replace it

Details:
ğŸ“ Microsoft NYC - Times Square
â° Feb 19, 6:00 PM EST
ğŸ• Food and networking included

RSVP here: https://lnkd.in/eefAJNGU

(Thank you for organizing this AICamp)

Drop a comment if you're joining - would love to connect with fellow tech enthusiasts!","https://www.linkedin.com/feed/update/urn:li:activity:7297753544554602496","2mo"
"Data Science isn't SQL.
Data Science isn't Pandas.
Data Science isn't Power BI.
Data Science isn't Jupyter Notebooks.
Data Science isn't Tableau.


It's building Neural Network models to predict the next 3 years of data, developing a custom React front-end, and connecting it to a FastAPI backend - while the business just asks for an Excel export of the same ğŸ‘€","https://www.linkedin.com/feed/update/urn:li:activity:7297625371565305856","2mo"
"ğ‹ğšğ­ğ ğğ¨ğ¬ğ­ - ğğ®ğ­ ğš ğ†ğ«ğğšğ­ ğ’ğ­ğšğ«ğ­ ğ­ğ¨ ğ’ğšğ­ğ®ğ«ğğšğ² ğ°ğ¢ğ­ğ¡ Hari Prasad Renganathan!

From my job search phase till now I have been followed many influencers on LinkedIn, who has struggled, hustled and made their space in US corporate markets and following them I also did the same but I was lucky to have their guidance and contents they shared so that I do not make any mistakes. For a long time, I wanted to connect with a ğƒğšğ­ğš ğ’ğœğ¢ğğ§ğœğ ğ©ğ«ğ¨ğŸğğ¬ğ¬ğ¢ğ¨ğ§ğšğ¥, and this time, I finally got the opportunity and had a great conversation with Hari Prasad Renganathan on Saturday, where he took the time to help me understand the data science industry and how to prepare for corporate roles.

His experience and knowledge about ğ©ğ«ğğ©ğšğ«ğšğ­ğ¢ğ¨ğ§ ğŸğ¨ğ« ğğšğ­ğš ğ¬ğœğ¢ğğ§ğœğ ğ«ğ¨ğ¥ğğ¬, ğğğ¯ğğ¥ğ¨ğ©ğ¢ğ§ğ  ğ­ğ¡ğ ğ«ğ¢ğ ğ¡ğ­ ğ¬ğ¤ğ¢ğ¥ğ¥ğ¬, ğ¦ğšğ¤ğ¢ğ§ğ  ğ­ğ¡ğ ğ¦ğ¨ğ¬ğ­ ğ¨ğŸ ğğ¯ğğ«ğ² ğ¨ğ©ğ©ğ¨ğ«ğ­ğ®ğ§ğ¢ğ­ğ², ğšğ§ğ ğ®ğ¬ğ¢ğ§ğ  ğ€ğˆ ğ¢ğ§ ğ©ğ«ğ¨ğ£ğğœğ­ğ¬ helped answer many of my questions. We also discussed the challenges students face during job searches. Iâ€™ll be putting together a document to share key strategies to keep in mind while job hunting. Stay tuned!

He also helped me understand how I can use new technologies in my current job and how to think in a different way to do better at my company. This will help me learn more and gain better experience than others.

ğ‘°'ğ’… ğ’ğ’Šğ’Œğ’† ğ’•ğ’ ğ‘»ğ‘¯ğ‘¨ğ‘µğ‘² ğ’€ğ‘¶ğ‘¼, Hari Prasad Renganathan ğ’‡ğ’ğ’“ ğ’ˆğ’Šğ’—ğ’Šğ’ğ’ˆ ğ’ğ’† ğ’šğ’ğ’–ğ’“ ğ’•ğ’Šğ’ğ’† ğ’ğ’ ğ‘ºğ’‚ğ’•ğ’–ğ’“ğ’…ğ’‚ğ’š ğ‘´ğ’ğ’“ğ’ğ’Šğ’ğ’ˆ ğ’‚ğ’ğ’… ğ’”ğ’‰ğ’‚ğ’“ğ’Šğ’ğ’ˆ ğ’šğ’ğ’–ğ’“ ğ’•ğ’‰ğ’ğ’–ğ’ˆğ’‰ğ’•ğ’” ğ’‚ğ’ğ’… ğ’†ğ’™ğ’‘ğ’†ğ’“ğ’Šğ’†ğ’ğ’„ğ’†ğ’”.

Thank you, again for your time! Hari Prasad Renganathan
.
.
.
.
.
.
.
.
.
.
.
.

hashtag
#socialmedia 
hashtag
#linkedincommunity 
hashtag
#networks 
hashtag
#linkedIn 
hashtag
#facebook 
hashtag
#instagram 
hashtag
#unchanged_boii 
hashtag
#yashramakantmishra 
hashtag
#YRM 
hashtag
#liveitjamsan 
hashtag
#analyst 
hashtag
#datascientist 
hashtag
#businessintelligence 
hashtag
#projects 
hashtag
#experiences 
hashtag
#sharing 
hashtag
#corporates 
hashtag
#jobs 
hashtag
#hiring 
hashtag
#jobstrategies 
hashtag
#strategist 
hashtag
#python 
hashtag
#sql 
hashtag
#datavisualization 
hashtag
#postings 
hashtag
#postingoftheday 
hashtag
#connectwithus 
hashtag
#students 
hashtag
#OPT 
hashtag
#CPT 
hashtag
#interns 
hashtag
#postoftheweek 
hashtag
#learnings 
hashtag
#saturday 
hashtag
#weekend 
hashtag
#influencer","https://www.linkedin.com/feed/update/urn:li:activity:7297297480809873409","2mo"
"Ever wondered how LLMs work?

Itâ€™s often called a black boxâ€¦ but not anymore!

I came across this site that helps you visualize how LLMs work: https://bbycroft.net/llm

If a picture is worth a thousand words, imagine having an image, video animation, text, and a detailed descriptionâ€”all in one place.

ğŸ” Reshare this with someone who would love to see it!

Follow me Hari Prasad for more exciting updates about AI!","https://www.linkedin.com/feed/update/urn:li:activity:7297257480420511744","2mo"
"To get a job, we need experience. But to get experience, we need a job.


It's like the ultimate chicken and egg situation but with resumes, haha.

A never-ending loop for entry candidates. I remember seeing a job opening asking for 10 years of experience for a Gen AI role and 5 years of experience for a junior Data Analyst. 

If you're planning to come out of this loop, you gotta be different and stand out from the crowd!

As an international student, I know landing your first tech job is tough without relevant experience.

ğ’ğ¨ ğ¡ğğ«ğ'ğ¬ ğš ğ¬ğ¨ğ¥ğ®ğ­ğ¢ğ¨ğ§: Instead of building projects, try to build products. 

ğ‡ğğ«ğ'ğ¬ ğ­ğ¡ğ ğ©ğ¥ğšğ§:

- You'll work in small groups (no more solo Titanic projects!)
- Build real products people can actually use

If you're ready to break out of the experience loop and build something that matters, ğ¬ğ¢ğ ğ§ ğ®ğ© ğ¡ğğ«ğ: https://lnkd.in/dTDzymZE","https://www.linkedin.com/feed/update/urn:li:activity:7297045932309643264","2mo"
"IYKYK :)

Excel is a Date-mist, lol","https://www.linkedin.com/feed/update/urn:li:activity:7296940087529926656","2mo"
"ğğ®ğ¢ğ¥ğ ğğ«ğ¨ğğ®ğœğ­ğ¬, ğğ¨ğ­ ğ‰ğ®ğ¬ğ­ ğğ«ğ¨ğ£ğğœğ­ğ¬!

Spring enrollment closes tomorrowâ€”donâ€™t miss out!

Ever thought about creating your own product, launching it, and seeing real users engage with it? Thatâ€™s exactly what weâ€™ll help you do.

This time, weâ€™re excited to have Mark Eltsefon, Staff Data Scientist at Meta and a top Data Science Career Coach on LinkedIn, guiding you through the journey. With his mentorship, you wonâ€™t just learnâ€”youâ€™ll build alongside industry experts.

Grab your spot before itâ€™s too late! ğŸ‘‰ https://myrealproduct.com","https://www.linkedin.com/feed/update/urn:li:activity:7296911018629214208","2mo"
"Life's Ironyâ€¦..The Grass Is Always Greener On The Other Side! ğŸŒ±

People in India: My friend in US is living his life!
International student in US: I wish I could go home...

Student: I wish I graduate and get a job ASAP!
Working professional: I wish I could go back to student life...

Fresh Graduate: Can't wait to climb the corporate ladder!
Senior Manager: Miss those days when I had zero responsibilities...

Startup Founder: Wish I had the stability of a corporate jobâ€¦
Corporate Employee: If only I had started my own companyâ€¦

Isn't it fascinating how we're all chasing something while someone else is dreaming about what we already have? ğŸ¤”","https://www.linkedin.com/feed/update/urn:li:activity:7296574822602452992","2mo"
"Opportunity for Data Science/ Software Engineer Aspirants!

As an International student, getting your first tech job is difficult.

That's why I've talked a lot about the importance of non-clichÃ© projects before on my YouTube channel and in my previous posts. It's great to see that many of you have started working on them and building your portfolios accordingly.

But still...

A lot of you have texted me saying you're stuck coming up with ideas. So, I came up with a solution to resolve this.

ğ‹ğğ­'ğ¬ ğ§ğ¨ğ­ ğ›ğ®ğ¢ğ¥ğ ğ©ğ«ğ¨ğ£ğğœğ­ğ¬. ğˆğ§ğ¬ğ­ğğšğ, ğ¥ğğ­'ğ¬ ğ›ğ®ğ¢ğ¥ğ ğ©ğ«ğ¨ğğ®ğœğ­ğ¬.

The fun part? Let's do it together. Here's what we're gonna do:

- Iâ€™m going to pair you up in groups.
- Stuck with the Titanic project? House price prediction? No way. Let's build real products. Deploy them and launch them so the public can benefit.
- Iâ€™m gonna work with you throughout this entire journey.

Ready? Wanna be a part of it?

Comment down your email IDğŸ‘‡, and I'll send you a link to sign up.","https://www.linkedin.com/feed/update/urn:li:activity:7296166421334507522","2mo"
"Dear Employers, 
Please DON'T HIRE International Students!
ğŸ‡ºğŸ‡¸ğŸ‡¬ğŸ‡§ğŸ‡¨ğŸ‡¦

- They are not ambitious.
All they did was leave everything behind, move across the world, and start over for a better future.

- They arenâ€™t good communicators.
They just happen to speak 2â€“3 languages fluently.

- They canâ€™t multi-task.
Except for juggling coursework, exams, job hunting, networking, part-time jobs, and staying connected with family across time zones.

- They arenâ€™t adaptable.
They only adjust to a new country, culture, education system, and work environmentâ€”nothing major.

- They lack resilience.
Handling visa stress, job rejections, and endless uncertainty? Thatâ€™s nothing.


So yes, totally avoid them. Unless, of course, you want someone whoâ€™s hardworking, adaptable, and knows how to hustle ğŸ™Œ

BTW, if you are an international student, looking to build your profile by building a real product, don't miss this opportunity- https://myrealproduct.com/","https://www.linkedin.com/feed/update/urn:li:activity:7295919317420761088","2mo"
"The best and most straightforward way to break the experience paradox!

I donâ€™t know why no one is talking about this.

If you are:

- An international student

- Came to your masterâ€™s right after undergrad

- Have no experience

- Getting rejected for not having experience

ğ˜ğ¨ğ® ğ¤ğ§ğ¨ğ° ğğ±ğšğœğ­ğ¥ğ² ğ°ğ¡ğšğ­ ğ©ğšğ«ğšğğ¨ğ± ğˆâ€™ğ¦ ğ­ğšğ¥ğ¤ğ¢ğ§ğ  ğšğ›ğ¨ğ®ğ­.

The way to gain experience is not by looking outside. You have the basic skills; you might even have an idea.

So why not build your own product by the end of the year? Or why not help an early-stage founder build one?

Whatâ€™s stopping you?

Thatâ€™s exactly what I did. And you know what? I had a lot to talk about during my interviews!

If you want to build your first real product, join this workshop and build alongside a team assigned to you. 

Comment down ğŸ‘‡ your email & Iâ€™ll send it to your inbox by tomorrow.

ğŸ”Reshare this with your community to help them get their first job!","https://www.linkedin.com/feed/update/urn:li:activity:7295860008049651713","2mo"
"Plot twist: Remember my post about NOT using AI for LinkedIn content?

insert dramatic pause

You know, the one where I boldly claimed:
""Just used AI to write my LinkedIn post... said no successful content creator ever""

Well... ğŸ¥

That post was written by AI.

Oh, the irony! There I was, preaching about authenticity while an AI crafted the perfect sermon about not using AI. It's like wearing a ""I hate fast food"" t-shirt while eating a Big Mac.

The best part? You all loved it. The comments section was filled with ""So true!"" and ""Couldn't agree more!""

So what's the real lesson here?

Maybe it's not about whether you use AI or not. Maybe it's about knowing how to use it right. Like having a ghostwriter who knows your voice so well, they can write your autobiography.

And yes, this post is human-written.
(Or is it? ğŸ¤”)

What do you think - does it matter who (or what) writes the content as long as it resonates with the audience?

Let's hear your thoughts below!

Follow me Hari for more plot twists and LinkedIn experiments ğŸ˜‰","https://www.linkedin.com/feed/update/urn:li:activity:7295606354000379904","2mo"
"""Just used AI to write my LinkedIn post!""

...said no successful content creator ever.

Here's why AI-written posts fail:
- They lack your authentic voice
- They miss personal experiences & stories
- They sound robotic (ironically!)
- Everyone else is using them (your feed probably has 10 AI posts right now)

The result? Your audience can smell the AI from miles away.

I learned this the hard way. After experimenting with AI tools, my engagement dropped. Why? Because my followers couldn't connect with the perfect but soulless content.

Real engagement comes from real stories, real failures, and real wins.

Want to stand out on LinkedIn?
Write from your heart, not from an algorithm.

What's your take on AI-written content? Drop your thoughts below ğŸ‘‡","https://www.linkedin.com/feed/update/urn:li:activity:7295554348887986178","2mo"
"What are the ways to break this loop? ğŸ¥¶

 - Projects?
 - Certifications?
 - Internships?
 - Adding fake experience?
 - Getting a master's degree?
 - Joining consultancies?

Tell meâ€”which ones have you tried or are currently trying? ğŸ‘‡

If youâ€™ve been following me, you know the approach I recommend: Build your own product and show impact. If you want help with that, check this out â€“ https://myrealproduct.com","https://www.linkedin.com/feed/update/urn:li:activity:7295107878145740802","2mo"
"Dear Founders,
What if you could build your first MVP in just 4 weeks?
What if you could turn that AI idea into a real product?
What if you could do it for FREE?

Sounds too good to be trueâ€¦ What's the catch?

Thereâ€™s no catch! 

I know many students with strong AI skills who are eager for real-world experience. Iâ€™ll be guiding them in building real products. Iâ€™ve helped 500+ students do this successfully. They gain hands-on experience and exposure, and you get a working prototype. 

Win-win.

If you're a founder with an idea that needs to be turned into an MVP within 4 weeks, comment below or DM me or Email me @ hr2514@columbia.edu

Letâ€™s talk!

ğŸ‘‡ Tag that founder you know who can benefit from this.

-------
P.S.: If youâ€™re an international student and want to build a real product, join the Spring workshop here: https://lnkd.in/e6uzKFi7","https://www.linkedin.com/feed/update/urn:li:activity:7295048302272602114","2mo"
"Dear Data Aspirants,

Just dropped a comprehensive Pandas guide that'll take you from zero to hero!

Ever felt overwhelmed looking at those massive datasets? I remember when I first started, I'd spend hours just trying to load a CSV file correctly. Now? I can wrangle data like a pro, and you can too!

Here's what's inside this power-packed guide:

 - The bread and butter: DataFrames and Series
 - Importing data (without the headaches!)
 - Data manipulation tricks I use daily
 - Analysis techniques that'll impress your team
 - Visualization secrets to make your insights pop
 - Time series magic that'll save you hours
 - Advanced features most people don't know about
 - Real-world examples you can use today

The best part? I've broken everything down into bite-sized chunks. 

No fancy jargon, just practical stuff you can use right away.

ğŸ’¡ Pro tip: Start with the basics and work your way up. Rome wasn't built in a day, and neither is data expertise!

ğŸ”Repost this if you find this helpful

âœ…Follow me Hari Prasad Renganathan for daily updates regarding Data, AI & other fun stuff","https://www.linkedin.com/feed/update/urn:li:activity:7294737749989867520","2mo"
"Breaking AI News: A $50 Model Just Beat OpenAI's o1!

Think you need millions to build cutting-edge AI? Think again! 

Stanford and UW researchers just flipped the script with their new model 's1'.

Here's what's mind-blowing:
- Built with just $50 in cloud credits
- Trained in 26 minutes (yes, minutes!)
- Outperformed OpenAI's o1 by 27% on math problems
- Used only 1,000 carefully selected questions

The secret sauce? 
A brilliant technique called ""budget forcing"" - proving that constraints breed innovation. Instead of throwing money at the problem, they got creative with resources.

This isn't just about building a better model. It's about democratizing AI research. No more ""only big tech can innovate"" narrative. The future of AI might not be in massive data centers, but in clever solutions from resourceful teams.

What's even better? It's open-source! Anyone can build upon this breakthrough.

This reminds me of a quote: ""Innovation is not about resources, but resourcefulness.""","https://www.linkedin.com/feed/update/urn:li:activity:7294402370040451074","2mo"
"As an international student, it's a long journey from ""I wish I had stayed home"" to ""I'm glad I made this decision.""

- Struggling with coursework & assignments
- Facing financial challenges without a part-time job
- Managing cooking & household chores
- Dealing with thousands of rejections

The life of an international student is NOT easy!

But sharing and supporting each other can make the journey smoother. Thatâ€™s why Iâ€™m hosting a FREE live webinar with fellow international students to help you navigate this path.

Meet your panelists:

Venkata Sai â€“ UConn Alum | Lead Data Analyst | 100k+ on LinkedIn
Sohan Sethi â€“ UIC Alum | Business Analyst | Co-founded 2 startups by 20
Hari Prasad (myself) â€“ Columbia Alum | Data Scientist | YouTuber

Our goal with this webinar is to share how we did it and answer all your burning questions.

ğŸ“… Mark your calendars: Feb 8 - 10:30 am ET/ 7:30am PT
RSVP here â€“ https://lu.ma/nmlul88y

Looking forward to seeing you live soon!","https://www.linkedin.com/feed/update/urn:li:activity:7292247921024983042","2mo"
"Dear international students, 

It's a long journey from ""I wish I had stayed home"" to ""I'm glad I made this decision.""

- Struggling with coursework & assignments
- Facing financial challenges without a part-time job
- Managing cooking & household chores
- Dealing with thousands of rejections

The life of an international student is NOT easy!

But sharing and supporting each other can make the journey smoother. Thatâ€™s why Iâ€™m hosting a FREE live webinar with fellow international students to help you navigate this path.

Meet your panelists:

Venkata Sai â€“ UConn Alum | Lead Data Analyst | 100k+ on LinkedIn
Sohan Sethi â€“ UIC Alum | Business Analyst | Co-founded 2 startups by 20
Hari Prasad (myself) â€“ Columbia Alum | Data Scientist | YouTuber

Our goal with this webinar is to share how we did it and answer all your burning questions.

ğŸ“… Mark your calendars: Feb 8 (tomorrow) - 10:30 am ET/ 7:30am PT
RSVP here â€“ https://lu.ma/nmlul88y

Looking forward to seeing you live soon! Share with your international student friends.","https://www.linkedin.com/feed/update/urn:li:activity:7293662758481391620","2mo"
"Data Quality matters more than Data Size.

Change my mind!","https://www.linkedin.com/feed/update/urn:li:activity:7293256485931761664","2mo"
"Junior Data Scientist: Letâ€™s build a machine-learning model for this.

Mid-level Data Scientist: Letâ€™s fine-tune a transformer with hyperparameter optimization and deploy it on Kubernetes.

Senior Data Scientist: Have we tried using a simple IF-ELSE rule first?","https://www.linkedin.com/feed/update/urn:li:activity:7292565263093252096","2mo"
"Data Science isn't SQL.
Data Science isn't Pandas.
Data Science isn't Power BI.
Data Science isn't Jupyter Notebooks.
Data Science isn't Tableau.

It's problem-solving.

Business first; Tech next","https://www.linkedin.com/feed/update/urn:li:activity:7292215499684237313","2mo"
"The best projects donâ€™t come from Kaggle!

Yes, I understand Kaggle is great. But you wonâ€™t find every dataset there.

Thatâ€™s why I believe the most important skill for a Data Scientist is â€œWEB SCRAPINGâ€.

It gives you endless opportunities and lets you work on any project you want.

Start by learning BeautifulSoup & Selenium â€” thank me later! ğŸ˜‰

Question for you: What unique dataset would you create if you could scrape any website?","https://www.linkedin.com/feed/update/urn:li:activity:7291844412551155713","2mo"
"5 Things I Wish I Knew Before Coming to the US:

1. ğ“ğ¨ğ© ğ¬ğœğ¡ğ¨ğ¨ğ¥ğ¬ ğğ¨ğ§â€™ğ­ ğ ğ®ğšğ«ğšğ§ğ­ğğ ğ£ğ¨ğ›ğ¬.
 Itâ€™s a tough truth I faced even as an Ivy League grad. Your degree might open the door, but itâ€™s your extra effort, persistence, and networking that land you the job.

2. ğ†ğ«ğšğğğ¬ ğ¦ğšğ­ğ­ğğ« ğ¥ğğ¬ğ¬ ğ­ğ¡ğšğ§ ğœğ¨ğ§ğ§ğğœğ­ğ¢ğ¨ğ§ğ¬.
 Chasing the perfect GPA feels rewarding, but employers care more about real-world skills, internships, and the relationships you build. Your network will take you farther than your transcript.

3. ğ‡ğğšğ¥ğ­ğ¡ğœğšğ«ğ ğ°ğ¢ğ¥ğ¥ ğ¬ğ¡ğ¨ğœğ¤ ğ²ğ¨ğ®.
 The costs are overwhelmingâ€”a single doctorâ€™s visit can set you back hundreds of dollars. In those early days, spending in dollars can feel like a constant drain, but donâ€™t neglect your health. Itâ€™s priceless.

4. ğ‚ğ®ğ¥ğ­ğ®ğ«ğšğ¥ ğğ¢ğŸğŸğğ«ğğ§ğœğğ¬ ğ°ğ¢ğ¥ğ¥ ğœğ¡ğšğ¥ğ¥ğğ§ğ ğ ğšğ§ğ ğœğ¡ğšğ§ğ ğ ğ²ğ¨ğ®.
 Adjusting isnâ€™t always as easy as watching Hollywood movies. From accents to social norms, youâ€™ll meet people from all over the world, just like yourself. Embrace the diversityâ€”itâ€™ll shape you in ways you never imagined.

5. ğ‹ğ¨ğ§ğğ¥ğ¢ğ§ğğ¬ğ¬ ğ°ğ¢ğ¥ğ¥ ğŸğ¢ğ§ğ ğ²ğ¨ğ®.
 There will be nights when you miss home so much it hurts, or days when nothing seems to go as planned. But remember, staying connected with family and friends will be your lifeline. Youâ€™re never truly alone.

So why do we still choose this path? 

Because itâ€™s worth it. Your struggles will transform into growth, your sacrifices into successes. And one day, when you look at your first paycheck or feel the sense of belonging, youâ€™ll knowâ€”you made it. One day, youâ€™ll feel like YOU ARE HOME!

Whatâ€™s one thing youâ€™ve learned as an international student? Letâ€™s share and support each other ğŸ‘‡","https://www.linkedin.com/feed/update/urn:li:activity:7291497303536775168","3mo"
"Opportunity for Data Science & AI Aspirants!
Ever wished you had a personal assistant to handle your daily tasks?

I've got something exciting to share that will transform the way you work!

Join this 4-hour LIVE training session, where you'll build ""Ana""â€”your very own AI-powered personal assistant.

The best part? No coding experience needed!

What makes Ana special?
- Manages your emails automatically
- Handles your calendar like a pro
- Takes care of Slack communications
- Organizes your Notion workspace
- Streamlines Google Docs workflows

Imagine saving 2+ hours every dayâ€”that's 40+ hours a month you can invest in what truly matters!

You'll get hands-on experience creating a tool that genuinely improves your daily work life.

I even convinced the team to make this training free for my connections. Thank me later! ğŸ˜‰

If you're interested, sign up here: https://lnkd.in/eCXB96km

ğŸ” Reshare this with a friend you'd love to build this project with!","https://www.linkedin.com/feed/update/urn:li:activity:7291107982413606913","3mo"
"ğ‹ğ¢ğ§ğ¤ğğğˆğ§: A place where recently employed folks give BS advice to unemployed folks.

Yesâ€¦. I said it!

Recently, I talked to a friend who said she feels insecure about opening LinkedIn because people are constantly sharing their achievements or some so-called advice.

If you think these so-called influencers know everything, ğ²ğ¨ğ®â€™ğ«ğ ğ°ğ«ğ¨ğ§ğ !
If you think you donâ€™t know anything, ğ²ğ¨ğ®â€™ğ«ğ ğ¬ğ­ğ¢ğ¥ğ¥ ğ°ğ«ğ¨ğ§ğ .

We live in a social circle, and other peopleâ€™s opinions influence our decisions.

In simple termsâ€”before watching a movie, what do you do? You ask a friend who has already watched it for their opinion. That doesnâ€™t mean they know everything. You just want their take on it. And thatâ€™s where it should stop. Donâ€™t blindly follow an influencer.

The same goes for you. If you changed something on your resume and got rejected? Share it with others who havenâ€™t made that mistake yet. Youâ€™re influencing them too.

I hope this makes sense to someone who really needs to hear it!

Yours lovingly,
A LinkedIn influencer (trying to influence your perspective on this)","https://www.linkedin.com/feed/update/urn:li:activity:7290766897594191873","3mo"
"ğŸš¨ Plot twist in the AI world!

There's more drama...

OpenAI has accused DeepSeek of using its models without permission to develop the powerful R1 system. 

Microsoft (OpenAI's biggest investor) is now investigating whether DeepSeek secretly accessed OpenAI's data. They're looking into suspicious accounts that might have been extracting information from OpenAI's systems.

The U.S. government is taking action, with the White House calling it a security threat and the Navy banning DeepSeekâ€™s tech. 

It gets interesting everyday ğŸ‘€

---
Follow me Hari Prasad for regular AI updates!","https://www.linkedin.com/feed/update/urn:li:activity:7290733578278096898","3mo"
"LinkedIn only allows me to add four options. If you like Gemini, Meta AI, or anything else, drop it below ğŸ‘‡

Comment below if you use any hidden gems.","https://www.linkedin.com/feed/update/urn:li:activity:7290408988477644800","3mo"
"Influencers for the Next 30 Days:


â€“ Complete Deepseek Tutorial

â€“ How to Make Money Using Deepseek

â€“ 100 Prompt Guide to Try with Deepseek

â€“ Will Deepseek Replace Your Job?

â€“ Youâ€™re Using Deepseek Wrong; Hereâ€™s the Right Way

ğŸ‘€

What else?","https://www.linkedin.com/feed/update/urn:li:activity:7290353234303418369","3mo"
"Ever wondered what happens when David takes on Goliath in the tech world? 

Well, we're witnessing exactly that right now.

A Chinese startup called DeepSeek AI just achieved something remarkable - they've created an AI that matches ChatGPT's capabilities at a fraction of the cost. Their app even knocked ChatGPT off the top spot in Apple's App Store!

But here's where it gets really interesting...

While tech giants spend billions on infrastructure, DeepSeek claims they built their AI for just $6 million. ğ“ğ¡ğšğ­'ğ¬ ğ¥ğ¢ğ¤ğ ğ›ğ®ğ¢ğ¥ğğ¢ğ§ğ  ğš ğ…ğğ«ğ«ğšğ«ğ¢ ğŸğ¨ğ« ğ­ğ¡ğ ğ©ğ«ğ¢ğœğ ğ¨ğŸ ğš ğ“ğ¨ğ²ğ¨ğ­ğš!

The impact? Massive.
- Nvidia's stock plummeted 16.9%
- The Nasdaq dropped 3.1%
- The entire tech sector is questioning its approach

The secret sauce? DeepSeek's innovative architecture uses ""mixture of experts"" - imagine having specialized mini-brains that activate only when needed, saving massive amounts of energy and resources.

Think about it: What if building powerful AI doesn't require billions in investment anymore? 

This is more than just another tech story - it's a reminder that innovation often comes from unexpected places and challenges our assumptions about what's possible.

Could this be the beginning of a new era in AI development?

Follow me Hari Prasad & my newsletter for more AI updates - https://lnkd.in/eaHMQS6R
ğŸ” Reshare this with your community if they are curious about this incident.","https://www.linkedin.com/feed/update/urn:li:activity:7290005073840013313","3mo"
"There are two kinds of Data Scientists in the world:

1. Those who google the Precision vs. Recall formula every single time.

2. Liars.","https://www.linkedin.com/feed/update/urn:li:activity:7289622417281323008","3mo"
"Guess Iâ€™ll just stick to being average then! 

Is it weird that I'm getting these thoughts?! ğŸ¥¶","https://www.linkedin.com/feed/update/urn:li:activity:7289282220916129792","3mo"
"7 Tips to go VIRAL on LinkedIn:

7ï¸âƒ£ Take an old picture from 2021 and attach it to the post even though it's irrelevant.

6ï¸âƒ£ Copy-paste someone else's success story, but change the names. Pro tip: Add ""True Story"" at the end to make it 100% believable!

5ï¸âƒ£ Always end the post with â€œAgree?â€

4ï¸âƒ£ Write ""Thoughts?"" at the end of every post, even if you haven't actually shared any thoughts yourself

3ï¸âƒ£ Always follow the pattern of 3 things, 5 lessons, 7 tipsâ€¦

2ï¸âƒ£ Write your entire post
.
Like
.
This
.
Because apparently
.
LinkedIn's algorithm loves unnecessary spacing.

Finally,
Comment â€œTIPâ€ ğŸ‘‡, and I'll share the No. 1 tip to go viral on Linkedin

Do you agree with my tips?","https://www.linkedin.com/feed/update/urn:li:activity:7288630977558372353","3mo"
"Reject? Reject? Reject? Reject?..... You're not alone!

Every day, I hear from students facing the same challenges:
â€“ Hundreds of applications, zero callbacks
â€“ Interview after interview, but no offers
â€“ A LinkedIn profile that's just not getting noticed

So,
I'm thrilled to announce ""ğ“ğ¡ğ ğ”ğ¥ğ­ğ¢ğ¦ğšğ­ğ ğ‰ğ¨ğ› ğ’ğğšğ«ğœğ¡ ğ–ğğ›ğ¢ğ§ğšğ«"" - your complete roadmap to landing that dream Analytics role in 2025! Thanks for inviting me, Sohan.

ğ–ğ¡ğğ§: January 25th, 9 PM IST/ 10:30 AM EST

ğğ«ğ¢ğœğ: 1 Hour of your time (Yes, you read it right! It's Free)

Meet Your Panelists:
Sohan Sethi - Business Analytics Pro & Startup Founder
Ketan Goel - Analytics Leader & Career Mentor
Ajay Kadiyala - Data Engineering Expert & LinkedIn Top Voice
Hari Prasad Renganathan (myself) - Data Scientist & 2X Founder

ğ‘ğ’ğ•ğ ğ¡ğğ«ğ: https://lnkd.in/gfDEa-sp

This isn't just another webinar. This is your chance to transform your job search strategy with insights from professionals who've helped thousands succeed in analytics.

ğğğğ”ğ’: Drop your career questions in the comments ğŸ‘‡! We'll address the most impactful ones during the session.

Let's turn your job search frustration into success. See you there!","https://www.linkedin.com/feed/update/urn:li:activity:7288193793747558400","3mo"
"Ever caught yourself in that classic data dilemma? 

As a data professional, I've often found myself staring at my screen, wondering whether to trust the cold, hard numbers or that gut feeling telling me something's off.

Here's the truth: It's not about choosing one over the other. The real magic happens when you blend both.

Think about it:
â€“ Data gives you the facts
â€“ Instinct brings context
â€“ Experience helps you interpret
â€“ Intuition spots the outliers

I learned this the hard way when I ignored a strange pattern in my model because ""the numbers looked right."" Turns out, my instincts were trying to tell me something the data couldn't capture.

The next time you're caught between data and instinct, remember: The best decisions come from letting them work together, not against each other.

Ever experienced this? ğŸ‘‡","https://www.linkedin.com/feed/update/urn:li:activity:7287915041834639360","3mo"
"ğŸš¨GIVEAWAY TIME! 
Iâ€™m offering free LinkedIn profile reviews to celebrate a major milestoneâ€”26,000 followers! ğŸ‰

Your LinkedIn profile is your digital currency in 2025, and yet, less than 5% of profiles are truly optimized.

When I optimized my own profile, everything changed:
âœ… Interview calls from Fortune 100 companies 
âœ… A powerful network that made referrals easy 
âœ… A thriving community of 26,000+ amazing people 

Now, itâ€™s my turn to pay it forward.

If youâ€™d like me to review your LinkedIn profile, all you need to do is:
Comment ""Review"" below ğŸ‘‡ & register for the live session.

I'm doing an exclusive live here - https://lu.ma/ovfd8i4y
Iâ€™ll do my best to review as many profiles as I can during this live and help you take your LinkedIn game to the next level. Letâ€™s grow together!

Thank you for being part of this incredible journey ğŸ’š","https://www.linkedin.com/feed/update/urn:li:activity:7287482198595665921","3mo"
"17 Python libraries every Data Scientist should know in 2025:

1ï¸âƒ£ ğƒğšğ­ğš ğğ«ğ¨ğœğğ¬ğ¬ğ¢ğ§ğ  & ğ€ğ§ğšğ¥ğ²ğ¬ğ¢ğ¬:

NumPy: https://numpy.org
Pandas: https://pandas.pydata.org
Dask: https://www.dask.org
SciPy: https://scipy.org

2ï¸âƒ£ ğŒğšğœğ¡ğ¢ğ§ğ ğ‹ğğšğ«ğ§ğ¢ğ§ğ :

Scikit-learn: https://lnkd.in/et38tbeK
XGBoost: https://lnkd.in/eHwm_K-E
LightGBM: https://lnkd.in/ehzH3FCp
CatBoost: https://catboost.ai
PyCaret: https://pycaret.org

3ï¸âƒ£ ğƒğğğ© ğ‹ğğšğ«ğ§ğ¢ğ§ğ :

TensorFlow: https://www.tensorflow.org
PyTorch: https://pytorch.org
Keras: https://keras.io
Hugging Face: https://huggingface.co

4ï¸âƒ£ ğ•ğ¢ğ¬ğ®ğšğ¥ğ¢ğ³ğšğ­ğ¢ğ¨ğ§:

Matplotlib: https://matplotlib.org
Seaborn: https://seaborn.pydata.org
Plotly: https://plotly.com
Bokeh: https://bokeh.org

Which ones are you using in your data science projects? 
Drop your favorite! ğŸ‘‡","https://www.linkedin.com/feed/update/urn:li:activity:7287135016948518913","3mo"
"You're not a Data Scientist until youâ€™veâ€¦


â€“ Built a dashboard, only to export it to Excel later
â€“ Spent hours cleaning data only to find out itâ€™s just a formatting issue
â€“ Had a colleague ask if Python is like Excel
â€“ Pretended to understand a complex model but had to Google it later
â€“ Been asked to explain ""what data science is"" for the 100th time at family gatherings
â€“ Watched a model ""train"" for hours, only to realize you forgot to set the correct parameters


What else would you add to this list?","https://www.linkedin.com/feed/update/urn:li:activity:7286758157987577856","3mo"
"â€œWhere do you see yourself in 5 years?â€ 

The toughest question ever.

Hereâ€™s my last 5 years in a nutshell: 

â†³ Top 10% in undergrad Mechanical Engineering, thought that was my path.
â†³ Took a detour into Excel & Data Analytics courses.
â†³ Gave up on Dataâ€”too complex, too math-heavy.
â†³ Built a website for bloggers, then quit.
â†³ Tried everything elseâ€”branding, marketing, trading, video editing.
â†³ Came back to data, this time through programming.
â†³ Got hooked on web scraping & automation.
â†³ Discovered Machine Learning & wanted more.
â†³ Joined a top-tier Data Science program.
â†³ Got into finance (thanks, New York).
â†³ Landed a Data Science internship at a gaming company.
â†³ Started sharing my journey on LinkedIn & YouTube.

If this seems like wasted time, I thought so tooâ€”until I realized it wasnâ€™t.

Every skill I learnedâ€”branding, marketing, video editing, automationâ€”I use them today.

Steve Jobs said, â€œYou can only connect the dots looking backwards.â€ And it makes sense.

So, if youâ€™re unsure where youâ€™re headed, thatâ€™s fine. Enjoy the process. The dots WILL connect. ğŸ’›","https://www.linkedin.com/feed/update/urn:li:activity:7286211981060046848","3mo"
"What's the difference between a Good, Bad & Great Project?

A BAD project:
â†³ Showcases your technical skills
â†³ Uses upcoming technology
â†³ Looks cool on paper

A GOOD project:
â†³ Showcases both your soft and technical skills
â†³ Provides a good learning experience

A GREAT project:
â†³ Solves a real problem
â†³ Makes an impact on the world

The secret? Stop building projects. Start building products.

Think about it - which would impress a hiring manager more:
Another Titanic classification project
OR
A real product that people actually use?

Ready to level up? I'm helping aspiring developers build their first real product. 

Comment below with your email ID ğŸ‘‡ if you want to be part of the next workshop! Iâ€™ll notify you once itâ€™s open.","https://www.linkedin.com/feed/update/urn:li:activity:7285740206719184897","3mo"
"Iâ€™d like to take 2 minutes of silence for the RIGHT JOIN in SQL â€” SQLâ€™s often-neglected stepchild.



Source: reddit/ProgrammerHumor","https://www.linkedin.com/feed/update/urn:li:activity:7285314062006038531","3mo"
"This is the only SQL cheat sheet you need!

Whether youâ€™re a Data Analyst, Data Scientist, or Data Engineer, SQL is non-negotiable for your career!

Pro Tips for Success:

â†³ Start with simple queries and gradually increase the complexity
â†³ Practice daily on platforms like Hackerrank and LeetCode
â†³ Focus on query optimization for better performance
â†³ Master joins and subqueries before moving to advanced topics

Want to level up your SQL game? 

Here's my learning path:

â†³ Master basic CRUD operations
â†³ Deep dive into JOINs and subqueries
â†³ Explore window functions
â†³ Learn indexing and optimization
â†³ Practice real-world scenarios

Remember: The key to SQL mastery isn't memorizing syntaxâ€”it's understanding data relationships and solving problems.

ğŸ” Save it for later or share it with someone who might find it helpful!","https://www.linkedin.com/feed/update/urn:li:activity:7284952949733130240","3mo"
"2021: The Year of Post-Covid Market
2023: The Year of Layoffs
2024: The Year AI was feared to replace jobs
2025: The Year of... Who knows what?

Do you see a pattern here?

Everything sounds negative, right? Should we just wait for ""our time""?

NOPE!

Yes, the market is tough right now. But that doesnâ€™t mean there are no job openings out there.

The solution isnâ€™t to ignore the situation and wait for things to change. 

Instead:

â€“ Acknowledge and accept that the market is challenging.

â€“ Plan how to outsmart it and make yourself stand out.

Letâ€™s make 2025 the year where we stop blaming the market and take control of our own careers.

Letâ€™s rise together!

â€”------------------

P.S.: Sorry for getting a bit emotional here, Iâ€™ve been getting so many DMs from people losing hope because they think the market is bad. Donâ€™t give upâ€”youâ€™ve got this!","https://www.linkedin.com/feed/update/urn:li:activity:7284730616175054848","3mo"
"That moment when you realize AI can do your job... it's both exciting and terrifying, isn't it? 

But here's the truth - AI isn't here to replace us, it's here to elevate us.

Think about it:

â€“ While AI handles repetitive tasks, we can focus on strategy

â€“ When AI crunches data, we bring human creativity

â€“ As AI generates content, we add emotional intelligence

The future belongs to those who learn to dance with AI, not those who run from it. 

The question isn't whether AI can do your job - it's how you'll evolve to do things AI can't.","https://www.linkedin.com/feed/update/urn:li:activity:7284377486128214017","3mo"
"What if people on LinkedIn were honest?!

I'm beyond excited (actually desperate for likes) to share my Google journey.

Feeling blessed (also showing off to make you jealous) to announce that after 2 weeks at Google, I'm already a Senior Staff Engineer (technically still in onboarding).

Here's what I learned in my journey to the top (aka sitting in orientation)

1. Always be humble (while posting selfies in front of the Google logo everyday)
2. Hustle culture is everything (I spend 6 hours daily crafting LinkedIn posts instead of coding)
3. Leadership is about inspiring others (I haven't met my team yet, but I'm already giving career advice)
4. Never stop learning (I've mastered copying and pasting from Stack Overflow)
5. Build your personal brand (by reposting motivational quotes with random stock photos)

Special shoutout to my team (whom I haven't met) and my mentor (who doesn't know they're my mentor).

The key to success is authenticity (and writing every sentence on a new line for better engagement).

Agree?

(Picture of random Google goodie I found online)

Follow me & Comment down your email id ğŸ‘‡if you want a referral (coz they say to always end with a call to action)","https://www.linkedin.com/feed/update/urn:li:activity:7284164969292525568","3mo"
"My LinkedIn profile says Iâ€™m working as a Data Scientist in the US and living my dream life.

But, itâ€™s all a LIE!

Because my LinkedIn doesnâ€™t tell you that:

â€“ There was a time when I was jobless and burdened with over $80,000 in student loan debt.

â€“ There was a time when I had to work two part-time jobs just to afford food and daily expenses.

â€“ There was a time when I missed major festivals, weddings, birthdays, and even funerals back home.

â€“ There was a time when I spent mornings moving furniture at a part-time job and came home exhausted, only to stay up late job-hunting.

Life as an international student is often full of hard work, anxiety, and unexpected struggles.

If you ask me: Would I do it all again?

ABSOLUTELY!

It has taught me lessons Iâ€™ll never forget.
It has given me exposure I wouldnâ€™t have had otherwise.

Dedicating this to all international studentsâ€”Cheers to your resilience and determination! ğŸ¥‚

â€”---------------

PS: Thank you, Sohan Sethi, for inspiring me to write this post. If youâ€™re not following Sohan yet, you should!","https://www.linkedin.com/feed/update/urn:li:activity:7283807615573196801","3mo"
